Price,Close_Scaled
2015-01-02,0.014069815053543877
2015-01-05,0.011425763480121143
2015-01-06,0.011434375304225058
2015-01-07,0.012713467528744235
2015-01-08,0.0162674698440841
2015-01-09,0.016370471987268737
2015-01-12,0.014001142034231487
2015-01-13,0.01483385963322005
2015-01-14,0.014473285660018126
2015-01-15,0.011915101210979787
2015-01-16,0.011202594631815763
2015-01-20,0.013546155584596958
2015-01-21,0.014258684321112866
2015-01-22,0.016705240031294755
2015-01-23,0.01720316004312146
2015-01-26,0.01730620650100989
2015-01-27,0.013906700014663001
2015-01-28,0.019203348513556706
2015-01-29,0.022285214588893862
2015-01-30,0.02079149148233357
2015-02-02,0.022053396987564727
2015-02-03,0.022070583706852748
2015-02-04,0.022851770691113146
2015-02-05,0.02358437398844765
2015-02-06,0.022713878104474866
2015-02-09,0.023394751370914138
2015-02-10,0.025376985000528943
2015-02-11,0.027841850069161594
2015-02-12,0.029203530129984404
2015-02-13,0.02973786944254564
2015-02-17,0.030384273255217295
2015-02-18,0.03115129430583162
2015-02-19,0.030918612567778517
2015-02-20,0.03182354836238299
2015-02-23,0.0348399763917847
2015-02-24,0.03412466321471373
2015-02-25,0.03121165093239872
2015-02-26,0.03261641965687702
2015-02-27,0.030927217006098462
2015-03-02,0.0314701459854117
2015-03-03,0.031702872038168614
2015-03-04,0.030996148527849668
2015-03-05,0.029160456237896884
2015-03-06,0.029324184296846897
2015-03-09,0.029789577316088972
2015-03-10,0.027522954074877704
2015-03-11,0.025566585460710542
2015-03-12,0.0274712388155504
2015-03-13,0.026730060623031793
2015-03-16,0.027902154995240944
2015-03-17,0.029703414760345978
2015-03-18,0.030935836215986348
2015-03-19,0.030099839328917022
2015-03-20,0.028720883919398615
2015-03-23,0.02984991178530419
2015-03-24,0.029401757185837873
2015-03-25,0.02654907198695411
2015-03-26,0.027290257565256673
2015-03-27,0.026437037029979515
2015-03-30,0.029125979398345325
2015-03-31,0.027454000395774628
2015-04-01,0.027298891546712487
2015-04-02,0.02822103621795688
2015-04-06,0.029970595495302524
2015-04-07,0.02881571738551726
2015-04-08,0.028462366709033737
2015-04-09,0.02928971484307931
2015-04-10,0.029755130019673295
2015-04-13,0.029539657158260096
2015-04-14,0.02906565231491408
2015-04-15,0.029479322689044893
2015-04-16,0.02895358781480363
2015-04-17,0.027729822497970957
2015-04-20,0.03018603881357987
2015-04-21,0.029591357646019487
2015-04-22,0.031065124364304655
2015-04-23,0.0319700675446931
2015-04-24,0.03249575810423058
2015-04-27,0.034538311431492635
2015-04-28,0.0327370738237395
2015-04-29,0.0310823480125125
2015-04-30,0.028074546578782625
2015-05-01,0.031349484432765265
2015-05-04,0.031134078043407745
2015-05-05,0.028634743521007505
2015-05-06,0.02795387025456826
2015-05-07,0.02862025261286695
2015-05-08,0.030662695153369543
2015-05-11,0.02953761129610162
2015-05-12,0.029148181064946002
2015-05-13,0.029269352236686072
2015-05-14,0.03181373265549267
2015-05-15,0.031657981243225525
2015-05-18,0.03288687229413034
2015-05-19,0.03278302817157362
2015-05-20,0.032774357261198
2015-05-21,0.03392540953488905
2015-05-22,0.03492066608160918
2015-05-26,0.03239356839728215
2015-05-27,0.03448794777063102
2015-05-28,0.034262917704766305
2015-05-29,0.03296479231496771
2015-06-01,0.0331898076092645
2015-06-02,0.032687832802040656
2015-06-03,0.032826308865612205
2015-06-04,0.03216854571720139
2015-06-05,0.03155411496331692
2015-06-08,0.0308185056519084
2015-06-09,0.030489609306135063
2015-06-10,0.03175317661275849
2015-06-11,0.03150217074468667
2015-06-12,0.030273250150645997
2015-06-15,0.030056905766724845
2015-06-16,0.030645382875754107
2015-06-17,0.030385757797794385
2015-06-18,0.030887695676098392
2015-06-19,0.029779931482229877
2015-06-22,0.03065404640034579
2015-06-23,0.030152086364689898
2015-06-24,0.031086757325539977
2015-06-25,0.03055885841659678
2015-06-26,0.02990978095012957
2015-06-29,0.027988480038231192
2015-06-30,0.028767392201030167
2015-07-01,0.029779931482229877
2015-07-02,0.029641462804442298
2015-07-06,0.029260673940526463
2015-07-07,0.028992400109543
2015-07-08,0.0262922387353334
2015-07-09,0.024128639794658666
2015-07-10,0.026906684260785796
2015-07-13,0.02896644646468778
2015-07-14,0.028923150999081285
2015-07-15,0.029970344378647693
2015-07-16,0.03143292902000891
2015-07-17,0.03239356839728215
2015-07-20,0.0345139088012702
2015-07-21,0.03337154220952271
2015-07-22,0.028585628057636092
2015-07-23,0.028533750311061534
2015-07-24,0.027962533779159943
2015-07-27,0.02646532458256788
2015-07-28,0.02699324564886295
2015-07-29,0.02665570793584983
2015-07-30,0.02611913811653098
2015-07-31,0.025193130680272582
2015-08-03,0.022717969828791845
2015-08-04,0.019429294416633172
2015-08-05,0.020087020636124137
2015-08-06,0.020304347329312702
2015-08-07,0.02064339912803878
2015-08-10,0.024294686989773884
2015-08-11,0.018878588206804117
2015-08-12,0.020400022774803434
2015-08-13,0.02032174823633573
2015-08-14,0.021025945808538435
2015-08-17,0.022069158250547394
2015-08-18,0.021495371465825752
2015-08-19,0.020200074831285983
2015-08-20,0.01814835574612257
2015-08-21,0.012158477564215134
2015-08-24,0.009863367354248448
2015-08-25,0.010402359710708006
2015-08-26,0.015575045211522615
2015-08-27,0.018383083346334164
2015-08-28,0.018704749009605143
2015-08-31,0.01824397949112555
2015-09-01,0.013862429625573033
2015-09-02,0.017878855875000807
2015-09-03,0.016166210745915358
2015-09-04,0.015209943752749783
2015-09-08,0.017852776671818185
2015-09-09,0.015974963255909413
2015-09-10,0.0180787964327343
2015-09-11,0.01950454816945893
2015-09-14,0.020460837319976416
2015-09-15,0.021304138747387735
2015-09-16,0.02141713385627786
2015-09-17,0.01925244181957622
2015-09-18,0.018843852864813757
2015-09-21,0.020373906642700987
2015-09-22,0.018800380140392092
2015-09-23,0.019600186686029836
2015-09-24,0.02019135222042258
2015-09-25,0.019939231098971943
2015-09-28,0.017965801323844163
2015-09-29,0.015027359787335506
2015-09-30,0.016105359271822564
2015-10-01,0.01547942146651965
2015-10-02,0.016174933356778776
2015-10-05,0.01652264129431255
2015-10-06,0.016983410812792157
2015-10-07,0.01652264129431255
2015-10-08,0.015409891696267233
2015-10-09,0.017687593613426936
2015-10-12,0.017235531934242806
2015-10-13,0.017400722378418013
2015-10-14,0.016027136433842612
2015-10-15,0.017461581238294777
2015-10-16,0.016748697984148506
2015-10-19,0.0173485565862688
2015-10-20,0.019122008874743246
2015-10-21,0.019113337964367594
2015-10-22,0.020626020378367665
2015-10-23,0.023738330655211137
2015-10-26,0.020434750731009824
2015-10-27,0.019800149401115213
2015-10-28,0.023903484170466532
2015-10-29,0.024998891947760574
2015-10-30,0.02410344688555191
2015-11-02,0.025563963507402754
2015-11-03,0.026772381165154846
2015-11-04,0.026276846761549025
2015-11-05,0.025787930020376423
2015-11-06,0.025910142587655657
2015-11-09,0.025482335823014637
2015-11-10,0.022164641665655016
2015-11-11,0.021588410186440754
2015-11-12,0.021247918159841395
2015-11-13,0.018296920790591156
2015-11-16,0.019903387889386753
2015-11-17,0.019475581124745733
2015-11-18,0.02261866057759003
2015-11-19,0.0239195187074559
2015-11-20,0.024373530233606958
2015-11-23,0.023020262580720985
2015-11-24,0.02400682605971359
2015-11-25,0.023264717258415307
2015-11-27,0.023072649946389176
2015-11-30,0.023500471482598123
2015-12-01,0.022662317946610847
2015-12-02,0.021736842286797953
2015-12-03,0.020793891862122396
2015-12-04,0.024137790780992083
2015-12-07,0.023482996717735447
2015-12-08,0.023439354120282557
2015-12-09,0.02116061819336766
2015-12-10,0.021640782780541018
2015-12-11,0.01903031436680999
2015-12-14,0.018419148129438317
2015-12-15,0.01668173108093217
2015-12-16,0.017423839882230424
2015-12-17,0.01536337602885171
2015-12-18,0.012787790672790345
2015-12-21,0.013922778866356164
2015-12-22,0.013835493671450386
2015-12-23,0.015040329223979174
2015-12-24,0.014533952489511809
2015-12-28,0.013477504722636452
2015-12-29,0.015153811794610991
2015-12-30,0.01391405625549276
2015-12-31,0.012115499687319148
2016-01-04,0.012194106586065317
2016-01-05,0.009889173283424355
2016-01-06,0.008134274084271545
2016-01-07,0.004423678377292434
2016-01-08,0.004868974678364071
2016-01-11,0.0062396727814089115
2016-01-12,0.00748819524609437
2016-01-13,0.005244386691552916
2016-01-14,0.007104045850474153
2016-01-15,0.005017392007153343
2016-01-19,0.004607045235807072
2016-01-20,0.004720549963790829
2016-01-21,0.004292728427581882
2016-01-22,0.00876290031493794
2016-01-25,0.00703419849151124
2016-01-26,0.007514400007604408
2016-01-27,0.001778260433836082
2016-01-28,0.0023632292954816614
2016-01-29,0.005200758865667968
2016-02-01,0.004406218383997712
2016-02-02,0.0027037434794329324
2016-02-03,0.004336371025034785
2016-02-04,0.005012281044649111
2016-02-05,0.002747533792565135
2016-02-08,0.003616589448664595
2016-02-09,0.0035990112828264004
2016-02-10,0.002966987591535797
2016-02-11,0.002466645042568369
2016-02-12,0.002721181315375784
2016-02-16,0.0050474152189736166
2016-02-17,0.006346604161663258
2016-02-18,0.004713843671950033
2016-02-19,0.0045207275786007944
2016-02-22,0.005258079935025181
2016-02-23,0.003335700698667843
2016-02-24,0.004573395604059671
2016-02-25,0.005152758655675355
2016-02-26,0.005284425026430589
2016-02-29,0.005091323704649264
2016-03-01,0.008462099491369862
2016-03-02,0.008655245127854982
2016-03-03,0.009313584367415098
2016-03-04,0.010639081472590309
2016-03-07,0.00963841114622338
2016-03-08,0.008901007089311214
2016-03-09,0.008980042363527369
2016-03-10,0.009023921306067176
2016-03-11,0.009980742233030193
2016-03-14,0.010208985114919952
2016-03-15,0.012017290917928206
2016-03-16,0.013237444586401678
2016-03-17,0.01308820743559222
2016-03-18,0.013193558258077928
2016-03-21,0.013184747017806933
2016-03-22,0.013895791211745764
2016-03-23,0.01337789265429204
2016-03-24,0.012974074915971384
2016-03-28,0.012552760255436154
2016-03-29,0.014738523933791742
2016-03-30,0.01638879611728747
2016-03-31,0.015888453568320027
2016-04-01,0.01676626876420273
2016-04-04,0.01775817216500246
2016-04-05,0.016608249916258144
2016-04-06,0.01761773886868004
2016-04-07,0.015493417527134512
2016-04-08,0.01559875357805228
2016-04-11,0.01591477650237351
2016-04-12,0.01716126787646842
2016-04-13,0.018565785484291872
2016-04-14,0.01861847566710266
2016-04-15,0.016643354547446768
2016-04-18,0.014562934305792918
2016-04-19,0.01406258437104152
2016-04-20,0.014255700464390758
2016-04-21,0.013237444586401678
2016-04-22,0.01298288615624238
2016-04-25,0.012456191130085587
2016-04-26,0.011815385741659842
2016-04-27,0.006083227105449007
2016-04-28,0.0034585484433681257
2016-04-29,0.0025017422879730356
2016-05-02,0.002413977017109492
2016-05-03,0.003765797056338213
2016-05-04,0.002896778329158564
2016-05-05,0.0025611461484085773
2016-05-06,0.0021019276445617685
2016-05-09,0.002163761427921976
2016-05-10,0.0027201473056205905
2016-05-11,0.0019164632234008883
2016-05-12,0.0
2016-05-13,0.0001589568425082316
2016-05-16,0.0031263875810819686
2016-05-17,0.00278193677427703
2016-05-18,0.0037269256753271057
2016-05-19,0.0034089750613908176
2016-05-20,0.004309819131678341
2016-05-23,0.005378431284745092
2016-05-24,0.006676704390222998
2016-05-25,0.008195716421081592
2016-05-26,0.00889340711761058
2016-05-27,0.008840421503441165
2016-05-31,0.00840770319246302
2016-06-01,0.0071712490987774075
2016-06-02,0.0065177327761468395
2016-06-03,0.006694363799684827
2016-06-06,0.007321409472582557
2016-06-07,0.007674656748090591
2016-06-08,0.007595170941052512
2016-06-09,0.008222231385518197
2016-06-10,0.007498033110336574
2016-06-13,0.006182115366964794
2016-06-14,0.006288093981087567
2016-06-15,0.006005469571858879
2016-06-16,0.006367609331261501
2016-06-17,0.004406964348178236
2016-06-20,0.0042038183602036705
2016-06-21,0.004919212780898269
2016-06-22,0.0046012843243138785
2016-06-23,0.005087010406813336
2016-06-24,0.002702465738806878
2016-06-27,0.0015013600071807492
2016-06-28,0.002870263364721959
2016-06-29,0.0035855986991448208
2016-06-30,0.0046454439266443714
2016-07-01,0.004901516442516615
2016-07-05,0.004106687915271703
2016-07-06,0.004583602757500166
2016-07-07,0.004945690816415035
2016-07-08,0.005599214524829574
2016-07-11,0.005864172138812476
2016-07-12,0.006252767776379953
2016-07-13,0.005767026922312582
2016-07-14,0.007462692134061047
2016-07-15,0.007453858736438168
2016-07-18,0.008381188228026429
2016-07-19,0.008416514432734015
2016-07-20,0.008496000239772095
2016-07-21,0.008027926180950481
2016-07-22,0.007347902279667279
2016-07-25,0.006182115366964794
2016-07-26,0.005590395898774608
2016-07-27,0.011136632195218737
2016-07-28,0.01236423811971353
2016-07-29,0.012249440879535792
2016-08-01,0.013874461067653054
2016-08-02,0.012487913072217943
2016-08-03,0.013644837044161695
2016-08-04,0.014221999132155619
2016-08-05,0.01565156931919047
2016-08-08,0.016441833431944636
2016-08-09,0.016832526632158368
2016-08-10,0.016113321146937504
2016-08-11,0.0160511623890828
2016-08-12,0.016273142126169704
2016-08-15,0.01742746630215755
2016-08-16,0.017338667021538814
2016-08-17,0.017196608852743947
2016-08-18,0.017072306108602442
2016-08-19,0.01732092636845338
2016-08-22,0.016566187876573893
2016-08-23,0.016868059638817004
2016-08-24,0.016139946898133598
2016-08-25,0.01573149827326649
2016-08-26,0.015172084224141971
2016-08-29,0.015065536904653842
2016-08-30,0.014337424163970436
2016-08-31,0.014426216058805202
2016-09-01,0.01498562272214575
2016-09-02,0.015873578599413254
2016-09-06,0.015846930690865277
2016-09-07,0.016432985262753802
2016-09-08,0.013911197957098068
2016-09-09,0.011789018492902592
2016-09-12,0.013840176258484604
2016-09-13,0.016068917813736164
2016-09-14,0.019460846485734318
2016-09-15,0.022835049276214964
2016-09-16,0.02225788718822104
2016-09-19,0.02106803739135854
2016-09-20,0.02105918183638375
2016-09-21,0.02104140425437849
2016-09-22,0.02199154104685261
2016-09-23,0.020295521317473766
2016-09-26,0.020446464584379306
2016-09-27,0.020632955629511382
2016-09-28,0.021396586605285484
2016-09-29,0.01982491393475197
2016-09-30,0.020597430008636716
2016-10-03,0.020126822625914892
2016-10-04,0.020553034061219333
2016-10-05,0.020597430008636716
2016-10-06,0.021343320331325383
2016-10-07,0.021494248826662968
2016-10-10,0.023261275483087332
2016-10-11,0.02348325522017425
2016-10-12,0.02440670717518055
2016-10-13,0.024087043059364252
2016-10-14,0.024664227304710087
2016-10-17,0.02459319083452867
2016-10-18,0.02452214697856331
2016-10-19,0.024211367960857655
2016-10-20,0.024158086915329627
2016-10-21,0.02374963829046252
2016-10-24,0.02468196795779551
2016-10-25,0.025214741484156006
2016-10-26,0.022852819472436267
2016-10-27,0.02186720137379128
2016-10-28,0.02119236229285193
2016-10-31,0.021032526542051802
2016-11-01,0.01921222622588338
2016-11-02,0.019301032892286074
2016-11-03,0.01823896454381288
2016-11-04,0.0173553441217332
2016-11-07,0.018756611984611787
2016-11-08,0.01933673577197592
2016-11-09,0.019176087584939563
2016-11-10,0.016418250623742386
2016-11-11,0.016989459769860007
2016-11-14,0.014561833823982046
2016-11-15,0.01581134598371889
2016-11-16,0.018381761291004314
2016-11-17,0.018346065797098438
2016-11-18,0.018444237637569555
2016-11-21,0.019934733156536877
2016-11-22,0.019997209503102104
2016-11-23,0.019488461931981796
2016-11-25,0.019988272704503693
2016-11-28,0.0197919216377775
2016-11-29,0.0196937276399545
2016-11-30,0.018854776439298934
2016-12-01,0.017935497452233204
2016-12-02,0.01830143350459415
2016-12-05,0.01759635702409955
2016-12-06,0.018346065797098438
2016-12-07,0.019309969690884485
2016-12-08,0.020282766068565147
2016-12-09,0.02191609526364373
2016-12-12,0.021335934547359756
2016-12-13,0.023022795904621196
2016-12-14,0.023022795904621196
2016-12-15,0.02358503132322058
2016-12-16,0.023718920814949487
2016-12-19,0.02431689604215853
2016-12-20,0.024593597052646785
2016-12-21,0.024691754121549947
2016-12-22,0.024004536466684226
2016-12-23,0.024209802174656944
2016-12-27,0.0248702389768633
2016-12-28,0.02442400468122806
2016-12-29,0.024397216442784725
2016-12-30,0.02358503132322058
2017-01-03,0.023879561616201875
2017-01-04,0.02376355310745376
2017-01-05,0.024290144732635036
2017-01-06,0.025450362764227435
2017-01-09,0.02641429620114935
2017-01-10,0.02652139745443491
2017-01-11,0.02709259921476856
2017-01-12,0.02664632060442952
2017-01-13,0.026458921107869668
2017-01-17,0.027315723748370158
2017-01-18,0.02730677217820382
2017-01-19,0.027119357910076025
2017-01-20,0.027315723748370158
2017-01-23,0.027387107350397927
2017-01-24,0.02728895766727872
2017-01-25,0.02899363353546526
2017-01-26,0.029047187855000017
2017-01-27,0.02905609511046256
2017-01-30,0.028770479458727807
2017-01-31,0.028520603615602713
2017-02-01,0.035125119353345655
2017-02-02,0.03492876090083551
2017-02-03,0.03541967180367883
2017-02-06,0.03649958420621298
2017-02-07,0.03760625530405459
2017-02-08,0.03806144855564016
2017-02-09,0.0389129999037411
2017-02-10,0.038644083509552604
2017-02-13,0.03969285006110371
2017-02-14,0.04124360619144657
2017-02-15,0.041682816606530504
2017-02-16,0.041539384681918035
2017-02-17,0.04187101376775865
2017-02-21,0.04274948629841428
2017-02-22,0.04311701029432785
2017-02-23,0.04259711018941943
2017-02-24,0.04271365047461306
2017-02-27,0.042955653072030794
2017-02-28,0.04300944373665244
2017-03-01,0.04551925868649992
2017-03-02,0.044775273896074386
2017-03-03,0.04551030711633358
2017-03-06,0.04511583239472945
2017-03-07,0.045277285632218056
2017-03-08,0.0448111540345794
2017-03-09,0.044524304956922375
2017-03-10,0.044936682818859194
2017-03-13,0.044990421782993104
2017-03-14,0.04480215814970927
2017-03-15,0.04611985586701678
2017-03-16,0.04632600786906535
2017-03-17,0.04569858552118536
2017-03-20,0.047016253695357
2017-03-21,0.045564075623603345
2017-03-22,0.046980388328419914
2017-03-23,0.04653221895738566
2017-03-24,0.04628117616039401
2017-03-27,0.04649635359044857
2017-03-28,0.049113757255323326
2017-03-29,0.049400562018276556
2017-03-30,0.049230275383165045
2017-03-31,0.04898828755731527
2017-04-03,0.04902410860954856
2017-04-04,0.0499832412868928
2017-04-05,0.049310928144069704
2017-04-06,0.04898828755731527
2017-04-07,0.04870139416495445
2017-04-10,0.04854901067017561
2017-04-11,0.04716857810386407
2017-04-12,0.04732103545648256
2017-04-13,0.04664875185679532
2017-04-17,0.047347845852277776
2017-04-18,0.046783187896537654
2017-04-19,0.046317085842034866
2017-04-20,0.04789467452552487
2017-04-21,0.04774226148761018
2017-04-24,0.048970310559142916
2017-04-25,0.049768078628406154
2017-04-26,0.049006190697647944
2017-04-27,0.04910474659888525
2017-04-28,0.04897924735774134
2017-05-01,0.05160566167905414
2017-05-02,0.05243930988682238
2017-05-03,0.052035913138187784
2017-05-04,0.05156082997038278
2017-05-05,0.05373906014909344
2017-05-08,0.05736933545544634
2017-05-09,0.05824777105718215
2017-05-10,0.05759343491253138
2017-05-11,0.05878148257810628
2017-05-12,0.060716661378076076
2017-05-15,0.06035667826759139
2017-05-16,0.060149595656763144
2017-05-17,0.05545124735957299
2017-05-18,0.05751241286242845
2017-05-19,0.057980464763898176
2017-05-22,0.058817539975426464
2017-05-23,0.05864649999035049
2017-05-24,0.05823246771280535
2017-05-25,0.058709500727577274
2017-05-26,0.05847551909154622
2017-05-30,0.05852950917233496
2017-05-31,0.057710470045250706
2017-06-01,0.05808845969704357
2017-06-02,0.060131589115454964
2017-06-05,0.058763579437773605
2017-06-06,0.059231542709835716
2017-06-07,0.06005965157962975
2017-06-08,0.05971758638104571
2017-06-09,0.054308164346780846
2017-06-12,0.051103901059565304
2017-06-13,0.05215695136581647
2017-06-14,0.050869875108830453
2017-06-15,0.050086834292794674
2017-06-16,0.04826867585397629
2017-06-19,0.051931950843087604
2017-06-20,0.05073483343480292
2017-06-21,0.051508922680672364
2017-06-22,0.051292918042813634
2017-06-23,0.051877975533866805
2017-06-26,0.051463913713185844
2017-06-27,0.049582769308708585
2017-06-28,0.05147292436962389
2017-06-29,0.04953776034122204
2017-06-30,0.049843782914053836
2017-07-03,0.04937579009885584
2017-07-05,0.04990681319441648
2017-07-06,0.04868272290308934
2017-07-07,0.04998779092981562
2017-07-10,0.05077988671699327
2017-07-11,0.05120294442254436
2017-07-12,0.05139194663422475
2017-07-13,0.053219100957913296
2017-07-14,0.05436215442756959
2017-07-17,0.054830176785903434
2017-07-18,0.05529825823050902
2017-07-19,0.0561442702406357
2017-07-20,0.05553228418124387
2017-07-21,0.05546923912931326
2017-07-24,0.05710740601288933
2017-07-25,0.0576924191892387
2017-07-26,0.05834047741751869
2017-07-27,0.05573028227779439
2017-07-28,0.05477618670511469
2017-07-31,0.05408313428091613
2017-08-01,0.055271241032762736
2017-08-02,0.061652735637879624
2017-08-03,0.06023965790644001
2017-08-04,0.060977674983421326
2017-08-07,0.06315584607586022
2017-08-08,0.06429895863178825
2017-08-09,0.06518102803923514
2017-08-10,0.06056362793430828
2017-08-11,0.06251539520506486
2017-08-14,0.06465699189530599
2017-08-15,0.06623825869921085
2017-08-16,0.06565091161512834
2017-08-17,0.06285877507319479
2017-08-18,0.06253347560421271
2017-08-21,0.062271427989112255
2017-08-22,0.06459368095515264
2017-08-23,0.06477438154565565
2017-08-24,0.06413288189353716
2017-08-25,0.06466597300860819
2017-08-28,0.06612085427729325
2017-08-29,0.06742200783851776
2017-08-30,0.06781964367565918
2017-08-31,0.06840691690190204
2017-09-01,0.06845213267133962
2017-09-05,0.06667193716210454
2017-09-06,0.06651837194189122
2017-09-07,0.06593103962937663
2017-09-08,0.06355453069432479
2017-09-11,0.0661479157897433
2017-09-12,0.06556962367680264
2017-09-13,0.06447623221853124
2017-09-14,0.06323831573962041
2017-09-15,0.0646840829508919
2017-09-18,0.06359069149262048
2017-09-19,0.06364491791849611
2017-09-20,0.06124136224256213
2017-09-21,0.05881960799493685
2017-09-22,0.05746422800783671
2017-09-25,0.0562534468992156
2017-09-26,0.05859373594970005
2017-09-27,0.05957868932778812
2017-09-28,0.058720239657463286
2017-09-29,0.05947927667561079
2017-10-02,0.05919919297606627
2017-10-03,0.059804576144592864
2017-10-04,0.05890096979110218
2017-10-05,0.0606268797881899
2017-10-06,0.060545562306728334
2017-10-09,0.061033496738633536
2017-10-10,0.0610876788498054
2017-10-11,0.061675070248591674
2017-10-12,0.06117811038868051
2017-10-13,0.06207269131416515
2017-10-16,0.0646840829508919
2017-10-17,0.06521723315223465
2017-10-18,0.06457563009914064
2017-10-19,0.06115997090326092
2017-10-20,0.06140395289078143
2017-10-23,0.06133163129419003
2017-10-24,0.06217201533693492
2017-10-25,0.061548551769260496
2017-10-26,0.06245215812275112
2017-10-27,0.06754849677471308
2017-10-30,0.07086475808998338
2017-10-31,0.07296110946765108
2017-11-01,0.07101836762490049
2017-11-02,0.07212074019647413
2017-11-03,0.0760875709065727
2017-11-06,0.07766889679674932
2017-11-07,0.07817491162780235
2017-11-08,0.0794670693041567
2017-11-09,0.07914176983517465
2017-11-10,0.07861581338741441
2017-11-13,0.07798099048400084
2017-11-14,0.0755959435826847
2017-11-15,0.07354646239006288
2017-11-16,0.07537832884392148
2017-11-17,0.07451677714433111
2017-11-20,0.0743626062898326
2017-11-21,0.07722832001163174
2017-11-22,0.07887883592599831
2017-11-24,0.0788878613540043
2017-11-27,0.07808982739651832
2017-11-28,0.07716490567050285
2017-11-29,0.07390920778375068
2017-11-30,0.07605847091774814
2017-12-01,0.07533298013037254
2017-12-04,0.07419943955046396
2017-12-05,0.07405432366710732
2017-12-06,0.07348298896266228
2017-12-07,0.07376415098666578
2017-12-08,0.07380947015707887
2017-12-11,0.07680207164740746
2017-12-12,0.07592245432023714
2017-12-13,0.0764393853399914
2017-12-14,0.07639400708330657
2017-12-15,0.07798099048400084
2017-12-18,0.08020281155967662
2017-12-19,0.07849790673218715
2017-12-20,0.07832561116383699
2017-12-21,0.07892412555327555
2017-12-22,0.07892412555327555
2017-12-26,0.07489769156657433
2017-12-27,0.07492493033783956
2017-12-28,0.07536021890163777
2017-12-29,0.07368252330227767
2018-01-02,0.07643025651100985
2018-01-03,0.07640306205444844
2018-01-04,0.07712856761339196
2018-01-05,0.07891507058213368
2018-01-08,0.07832561116383699
2018-01-09,0.07830751599312122
2018-01-10,0.07827116316444238
2018-01-11,0.079168979063304
2018-01-12,0.08081033660555323
2018-01-16,0.07999422224891936
2018-01-17,0.08263319240297379
2018-01-18,0.0827782639716266
2018-01-19,0.0820528174989548
2018-01-22,0.08072878277900478
2018-01-23,0.08076506174984394
2018-01-24,0.07820773405174558
2018-01-25,0.07538738381506335
2018-01-26,0.07575009966561527
2018-01-29,0.07253085800851747
2018-01-30,0.07163301256651997
2018-01-31,0.07205014687333067
2018-02-01,0.07236757309660538
2018-02-02,0.06576565715481833
2018-02-05,0.06212916301836635
2018-02-06,0.0680600361721724
2018-02-07,0.064895065255654
2018-02-08,0.06091400952563761
2018-02-09,0.06263494150433249
2018-02-12,0.06837140605259531
2018-02-13,0.06985562365519185
2018-02-14,0.07261455371241593
2018-02-15,0.0777319418486799
2018-02-16,0.07722198300898922
2018-02-20,0.07669389945544688
2018-02-21,0.0759836381546084
2018-02-22,0.0772857370961805
2018-02-23,0.08001742838213938
2018-02-26,0.08317705199106668
2018-02-27,0.08264892412282054
2018-02-28,0.08240302183146894
2018-03-01,0.07956209480065848
2018-03-02,0.08066389128108278
2018-03-05,0.08121936132156965
2018-03-06,0.0810827538613414
2018-03-07,0.07958942220133128
2018-03-08,0.08132856752328543
2018-03-09,0.08409668549576274
2018-03-12,0.08568101001422937
2018-03-13,0.08408751235207743
2018-03-14,0.08269443532361673
2018-03-15,0.08288562372735095
2018-03-16,0.08231198465830863
2018-03-19,0.07983530972111494
2018-03-20,0.07978066969133724
2018-03-21,0.07616577158720078
2018-03-22,0.07396217862635215
2018-03-23,0.07040199440983305
2018-03-26,0.07753158030126037
2018-03-27,0.07349781961686527
2018-03-28,0.07180421503884321
2018-03-29,0.0729879198634463
2018-04-02,0.07198628938516385
2018-04-03,0.07354338990393319
2018-04-04,0.07647532456476813
2018-04-05,0.07755890770193319
2018-04-06,0.07353426107495167
2018-04-09,0.07505492013563461
2018-04-10,0.07796865622477825
2018-04-11,0.07723112660953865
2018-04-12,0.07877902444148682
2018-04-13,0.07931625159557862
2018-04-16,0.08030878278801543
2018-04-17,0.08251228711945643
2018-04-18,0.0821480645689755
2018-04-19,0.07755890770193319
2018-04-20,0.07111218185283188
2018-04-23,0.07067510592931403
2018-04-24,0.06858086688586049
2018-04-25,0.06922735932793975
2018-04-26,0.06974635836720436
2018-04-27,0.06801629755952798
2018-04-30,0.07069333404414119
2018-05-01,0.07418986757444451
2018-05-02,0.08099167237347729
2018-05-03,0.08128305632248922
2018-05-04,0.08760230354034379
2018-05-07,0.0888133357656197
2018-05-08,0.0896237482970321
2018-05-09,0.09081655240748085
2018-05-10,0.09325683020129194
2018-05-11,0.09259871253525079
2018-05-14,0.09219651228361861
2018-05-15,0.09063347359454088
2018-05-16,0.09222395785683488
2018-05-17,0.09113619436594525
2018-05-18,0.09051465110210188
2018-05-21,0.09172120754229468
2018-05-22,0.09129162080371792
2018-05-23,0.09238843926574938
2018-05-24,0.09219651228361861
2018-05-25,0.09258955416313341
2018-05-29,0.09196799612772211
2018-05-30,0.09160234073515183
2018-05-31,0.09102650070248777
2018-06-01,0.09410690439259978
2018-06-04,0.09556023464665203
2018-06-05,0.09691311823877177
2018-06-06,0.09752550313049776
2018-06-07,0.09705021316074175
2018-06-08,0.09544142692578095
2018-06-11,0.09501184018720421
2018-06-12,0.0959715637272657
2018-06-13,0.09452740661689873
2018-06-14,0.09461878353612149
2018-06-15,0.09282719914801141
2018-06-18,0.09273583700035662
2018-06-19,0.08994789558371555
2018-06-20,0.09068824656842997
2018-06-21,0.08973765185735
2018-06-22,0.089244089458063
2018-06-25,0.08673041174320154
2018-06-26,0.08879623028995531
2018-06-27,0.08854938261825615
2018-06-28,0.08977424103111573
2018-06-29,0.08941771446752697
2018-07-02,0.09130984891854507
2018-07-03,0.08832999529134114
2018-07-05,0.08968280502562126
2018-07-06,0.09203200133156822
2018-07-09,0.09441769818187332
2018-07-10,0.09420743968393985
2018-07-11,0.09194972369819113
2018-07-12,0.09482902726248701
2018-07-13,0.09510324664956282
2018-07-16,0.0947192745127578
2018-07-17,0.09521292554145239
2018-07-18,0.09425314291511916
2018-07-19,0.0956059231062634
2018-07-20,0.09520376716933501
2018-07-23,0.09535914929240386
2018-07-24,0.09662972570801068
2018-07-25,0.09829331445999642
2018-07-26,0.09773576162843126
2018-07-27,0.09478332403130771
2018-07-30,0.09380529851857941
2018-07-31,0.09415260762377903
2018-08-01,0.10439928978005955
2018-08-02,0.10978311268709953
2018-08-03,0.11033149237497941
2018-08-06,0.11131875011766476
2018-08-07,0.10952719527269056
2018-08-08,0.10965513182254316
2018-08-09,0.11114508079349703
2018-08-10,0.11057641974284754
2018-08-13,0.11180554713883925
2018-08-14,0.11261270992530675
2018-08-15,0.11306214965118305
2018-08-16,0.11588738927685058
2018-08-17,0.11979497122797692
2018-08-20,0.11785033862453112
2018-08-21,0.11746505181818023
2018-08-22,0.11747423973343349
2018-08-23,0.11787785805558706
2018-08-24,0.11849239959623101
2018-08-27,0.12012517485751217
2018-08-28,0.12173951520201512
2018-08-29,0.12474821770138877
2018-08-30,0.12662860875590154
2018-08-31,0.12901349316997043
2018-09-04,0.1296831031158621
2018-09-05,0.12831636379302283
2018-09-06,0.12485826588247662
2018-09-07,0.12320717387696073
2018-09-10,0.1204828683749675
2018-09-11,0.1255462221157389
2018-09-12,0.12299620634376651
2018-09-13,0.12789445826977036
2018-09-14,0.12553707851518947
2018-09-17,0.12007015076696825
2018-09-18,0.12040036916807142
2018-09-19,0.12051957572127664
2018-09-20,0.12204228802990202
2018-09-21,0.11986831206275558
2018-09-24,0.12273938786371377
2018-09-25,0.12402356889338526
2018-09-26,0.12239998154735734
2018-09-27,0.12655522360641908
2018-09-28,0.12727988718599054
2018-10-01,0.128674086853614
2018-10-02,0.13052700279177465
2018-10-03,0.13308619170743233
2018-10-04,0.1293437115710736
2018-10-05,0.12594981089475663
2018-10-08,0.12547289605252818
2018-10-09,0.12831636379302283
2018-10-10,0.1186758772415051
2018-10-11,0.11692385111231496
2018-10-12,0.123950139429199
2018-10-15,0.11959307343749254
2018-10-16,0.12398681723237229
2018-10-17,0.12310628406799026
2018-10-18,0.11836396081306877
2018-10-19,0.121381777369856
2018-10-22,0.1226109343089836
2018-10-23,0.12451890388082401
2018-10-24,0.11751094707974263
2018-10-25,0.12183127618200407
2018-10-26,0.11862080883625739
2018-10-29,0.1148967193019731
2018-10-30,0.11586902821791203
2018-10-31,0.12096901544715297
2018-11-01,0.12405105878130532
2018-11-02,0.11053049493814929
2018-11-05,0.10512777919572522
2018-11-06,0.1071274802044187
2018-11-07,0.11279614325587706
2018-11-08,0.11212421417382018
2018-11-09,0.10842392163547315
2018-11-12,0.09894307141858849
2018-11-13,0.09715735134294712
2018-11-14,0.09215921407459218
2018-11-15,0.09640256853636384
2018-11-16,0.09835395174635422
2018-11-19,0.0912939842545869
2018-11-20,0.0831201666829634
2018-11-21,0.08293611294653999
2018-11-23,0.07880319072662237
2018-11-26,0.08094785990299319
2018-11-27,0.08059811348908491
2018-11-28,0.08676525787195136
2018-11-29,0.08548581851558579
2018-11-30,0.08459295109198114
2018-12-03,0.09033668325166613
2018-12-04,0.08285324445044565
2018-12-06,0.08103996062904456
2018-12-07,0.07530535729834109
2018-12-10,0.07632712142371387
2018-12-11,0.07543423922854128
2018-12-12,0.07586688368167976
2018-12-13,0.07756976480436267
2018-12-14,0.07253478724558718
2018-12-17,0.07111724850063231
2018-12-18,0.07307787871214766
2018-12-19,0.06830982338588992
2018-12-20,0.06457270532869025
2018-12-21,0.05895781078450166
2018-12-24,0.055367980031144515
2018-12-26,0.06488567053844974
2018-12-27,0.06394676013760336
2018-12-28,0.06402042594687651
2018-12-31,0.06541037140293579
2019-01-02,0.06557600499414895
2019-01-03,0.05109698796577347
2019-01-04,0.05668423013479476
2019-01-07,0.05638051192656027
2019-01-08,0.05897630478755159
2019-01-09,0.061332635760809356
2019-01-10,0.06178371513072606
2019-01-11,0.06039375490309884
2019-01-14,0.05828588170244478
2019-01-15,0.061111741733965386
2019-01-16,0.0628330282302906
2019-01-17,0.06367982313351767
2019-01-18,0.06456353218500493
2019-01-22,0.06132347738869198
2019-01-23,0.061894147372580116
2019-01-24,0.06077115369217445
2019-01-25,0.06542877677657813
2019-01-28,0.06408485952619267
2019-01-29,0.0625936845151005
2019-01-30,0.07232308113399644
2019-01-31,0.07341843721080271
2019-02-01,0.07349207347694
2019-02-04,0.0778458897237016
2019-02-05,0.08054285305345407
2019-02-06,0.08059811348908491
2019-02-07,0.07756059166067736
2019-02-08,0.07774542829020115
2019-02-11,0.07683948802897733
2019-02-12,0.07818918096242394
2019-02-13,0.07753279156983073
2019-02-14,0.07810597272026717
2019-02-15,0.07775469006329402
2019-02-19,0.07822609511068412
2019-02-20,0.0792429846186396
2019-02-21,0.07834630613050869
2019-02-22,0.08011195164533147
2019-02-25,0.08127673409141464
2019-02-26,0.0813691597919605
2019-02-27,0.08186832061549343
2019-02-28,0.08027832381494121
2019-03-01,0.08196076108760722
2019-03-04,0.0827742904198531
2019-03-05,0.08247847500046179
2019-03-06,0.08154477896309517
2019-03-07,0.07967746074620155
2019-03-08,0.0800564844077496
2019-03-11,0.08559375436245945
2019-03-12,0.08745179603469222
2019-03-13,0.08819136412630632
2019-03-14,0.09005869711476788
2019-03-15,0.09226802144397381
2019-03-18,0.09402446427197542
2019-03-19,0.09264705987708977
2019-03-20,0.09415384843548527
2019-03-21,0.10056005587375114
2019-03-22,0.09682540466839598
2019-03-25,0.09468999726511806
2019-03-26,0.09288737851576334
2019-03-27,0.09444043162491952
2019-03-28,0.09467154757677193
2019-03-29,0.09580854470357641
2019-04-01,0.09700108292580242
2019-04-02,0.09957096645664229
2019-04-03,0.10080043359869642
2019-04-04,0.10111472824956971
2019-04-05,0.10232571616014186
2019-04-08,0.10519140033880511
2019-04-09,0.10463675750612239
2019-04-10,0.10567211147399194
2019-04-11,0.10412833490949658
2019-04-12,0.10405435889729683
2019-04-15,0.10438714755122006
2019-04-16,0.10440562678270207
2019-04-17,0.10799239982149741
2019-04-18,0.1086672536740047
2019-04-22,0.10928658120265838
2019-04-23,0.11201356035844717
2019-04-24,0.11171778925375966
2019-04-25,0.10997985520037593
2019-04-26,0.10907403311169556
2019-04-29,0.10936057198642601
2019-04-30,0.10571836125318468
2019-05-01,0.11482383638580029
2019-05-02,0.11355739600921425
2019-05-03,0.11596087782730857
2019-05-06,0.11293805370899263
2019-05-07,0.10774277509502717
2019-05-08,0.10777976310112702
2019-05-09,0.1057645519461057
2019-05-10,0.10319409232411647
2019-05-13,0.09255940539298571
2019-05-14,0.09528772876145625
2019-05-15,0.09738490734692812
2019-05-16,0.09660541170719583
2019-05-17,0.09560321990933196
2019-05-20,0.09011887648251979
2019-05-21,0.09337608106920095
2019-05-22,0.08983115588235482
2019-05-23,0.0869358990246932
2019-05-24,0.08629561064114508
2019-05-28,0.08560883613331727
2019-05-29,0.0848200787204921
2019-05-30,0.08567384580378273
2019-05-31,0.08267647309701232
2019-06-03,0.08103394860089655
2019-06-04,0.08691730162066774
2019-06-05,0.08960845972422324
2019-06-06,0.09209543044426502
2019-06-07,0.09667036229138956
2019-06-10,0.09892536030863891
2019-06-11,0.10099473880326415
2019-06-12,0.10041941577547767
2019-06-13,0.10038229482526642
2019-06-14,0.09907382933791595
2019-06-17,0.1001410012631094
2019-06-18,0.10437256801367192
2019-06-19,0.10383433639296083
2019-06-20,0.10530982399890998
2019-06-21,0.10467881216002267
2019-06-24,0.10449320740896648
2019-06-25,0.10170003685727771
2019-06-26,0.10562535946148949
2019-06-27,0.10556970019352452
2019-06-28,0.1038807338878329
2019-07-01,0.10724934563985156
2019-07-02,0.10834430288432367
2019-07-03,0.1099033680216279
2019-07-05,0.10973627204518954
2019-07-08,0.10582956161657114
2019-07-09,0.10696163981125453
2019-07-10,0.10880832214774816
2019-07-11,0.10743496516247569
2019-07-12,0.10887330227507774
2019-07-15,0.11064575748271682
2019-07-16,0.10998687169514326
2019-07-17,0.10891969976994981
2019-07-18,0.11106333493656545
2019-07-19,0.1082144312590721
2019-07-22,0.1125109781369642
2019-07-23,0.11401428060532792
2019-07-24,0.11385653503139007
2019-07-25,0.11232540292904389
2019-07-26,0.11299350617500656
2019-07-29,0.11479376147349227
2019-07-30,0.1139585917942271
2019-07-31,0.11791178834712515
2019-08-01,0.11363380933012265
2019-08-02,0.10954142029260835
2019-08-05,0.09963059927638077
2019-08-06,0.103027025890814
2019-08-07,0.10492006140747592
2019-08-08,0.10899391212723644
2019-08-09,0.10743828876526024
2019-08-12,0.10696322036902317
2019-08-13,0.11487169626589755
2019-08-14,0.10907778508995011
2019-08-15,0.1081369691568406
2019-08-16,0.11257089161649339
2019-08-19,0.11615719196511493
2019-08-20,0.11616649805291163
2019-08-21,0.11829035409006733
2019-08-22,0.11812268202247966
2019-08-23,0.10897525563693927
2019-08-26,0.11256158552869669
2019-08-27,0.11039118428098962
2019-08-28,0.1116673295777065
2019-08-29,0.11490899447492398
2019-08-30,0.11465749375932646
2019-09-03,0.11182572510063335
2019-09-04,0.11507663699937579
2019-09-05,0.11888647548550099
2019-09-06,0.11886787808147556
2019-09-09,0.1197155592787785
2019-09-10,0.12207221522653075
2019-09-11,0.12849031377698128
2019-09-12,0.12802452192540506
2019-09-13,0.12398182444241154
2019-09-16,0.12505304377721815
2019-09-17,0.12579825460778196
2019-09-18,0.12772646122768821
2019-09-19,0.1260404492355828
2019-09-20,0.1230316285636657
2019-09-23,0.12395389140745353
2019-09-24,0.12298511289625016
2019-09-25,0.12610565093643136
2019-09-26,0.1250437229178535
2019-09-27,0.12404701137169216
2019-09-30,0.12884429963088584
2019-10-01,0.12942180885072616
2019-10-02,0.12417744431652514
2019-10-03,0.1259100458338857
2019-10-04,0.13167605351801104
2019-10-07,0.13172262827169826
2019-10-08,0.12924481592377388
2019-10-09,0.1316946656936044
2019-10-10,0.13454503175632296
2019-10-11,0.14024591159743938
2019-10-14,0.13992915009472157
2019-10-15,0.13941688689043363
2019-10-16,0.13853190748410427
2019-10-17,0.1393796477676789
2019-10-18,0.14043216629748456
2019-10-21,0.14425134041454235
2019-10-22,0.1437390328955506
2019-10-23,0.14673847362183137
2019-10-24,0.1471111011944652
2019-10-25,0.14990557164413187
2019-10-28,0.15220640583667192
2019-10-29,0.14684095876013842
2019-10-30,0.14681296663890867
2019-10-31,0.15193621908764135
2019-11-01,0.15851269838945078
2019-11-04,0.16007759829608784
2019-11-05,0.1597329480731158
2019-11-06,0.159835403668287
2019-11-07,0.16260095138794428
2019-11-08,0.163264312960601
2019-11-11,0.16518897440420377
2019-11-12,0.1649646829167356
2019-11-13,0.16730978749836561
2019-11-14,0.16560006713973058
2019-11-15,0.16851505881214834
2019-11-18,0.16976700828059385
2019-11-19,0.16901023131233986
2019-11-20,0.16611389613021924
2019-11-21,0.16501147924394183
2019-11-22,0.16479653815897413
2019-11-25,0.169084975446072
2019-11-26,0.16714165751217208
2019-11-27,0.1704584062891841
2019-11-29,0.16990713137398972
2019-12-02,0.16702023522377718
2019-12-03,0.16261974082235284
2019-12-04,0.1647591217774043
2019-12-05,0.16834684019654725
2019-12-06,0.17313985947260882
2019-12-09,0.16959884875126446
2019-12-10,0.17105630027276955
2019-12-11,0.17319590280133998
2019-12-12,0.17384056356899577
2019-12-13,0.17728807026533525
2019-12-16,0.1816887566971427
2019-12-17,0.1822026004591993
2019-12-18,0.18157658141027275
2019-12-19,0.18183812679206354
2019-12-20,0.18129633522348101
2019-12-23,0.18555669175994158
2019-12-24,0.1858089015107998
2019-12-26,0.19107842202518774
2019-12-27,0.19097570054179377
2019-12-30,0.19258266987389902
2019-12-31,0.19457278413500514
2020-01-02,0.20083250193409677
2020-01-03,0.19810440013914524
2020-01-06,0.20031874680144776
2020-01-07,0.19900127065765924
2020-01-08,0.2034858891384521
2020-01-09,0.20950285099016144
2020-01-10,0.21015684738874982
2020-01-13,0.2163512748575853
2020-01-14,0.21235246370291552
2020-01-15,0.21110048469133416
2020-01-16,0.21474427598234416
2020-01-17,0.21800498143062505
2020-01-21,0.21598694890612882
2020-01-22,0.2170426433230397
2020-01-23,0.21847214703801884
2020-01-24,0.21761255995696335
2020-01-27,0.20886752585343824
2020-01-28,0.2170332781489713
2020-01-29,0.223246347336536
2020-01-30,0.22280727725134744
2020-01-31,0.20939076433269913
2020-02-03,0.2085966448407149
2020-02-04,0.21811706808808737
2020-02-05,0.2205463410637897
2020-02-06,0.22405922671979292
2020-02-07,0.2199292440418936
2020-02-10,0.22135263232774924
2020-02-11,0.21953578855847675
2020-02-12,0.22664401476267546
2020-02-13,0.22446187011846305
2020-02-14,0.22453693922668969
2020-02-18,0.2189646311128469
2020-02-19,0.22329122335991117
2020-02-20,0.22018204465546912
2020-02-21,0.2133923229990041
2020-02-24,0.19946630915927097
2020-02-25,0.19000739472076425
2020-02-26,0.19428730881316578
2020-02-27,0.1763717603634237
2020-02-28,0.17622185849205732
2020-03-02,0.2000562560393094
2020-03-03,0.19116876493465526
2020-03-04,0.20373679899133237
2020-03-05,0.19454022759928466
2020-03-06,0.19089708625726368
2020-03-09,0.16948835742313867
2020-03-10,0.18744139611229024
2020-03-11,0.17816044952421925
2020-03-12,0.1526871612865625
2020-03-13,0.18053926282386837
2020-03-16,0.14704934126894462
2020-03-17,0.15702326642337452
2020-03-18,0.15122622367502564
2020-03-19,0.1494562057760952
2020-03-20,0.13490269573064242
2020-03-23,0.1303418855024602
2020-03-24,0.15142287755889441
2020-03-25,0.15014925820029376
2020-03-26,0.16224903355355008
2020-03-27,0.15222831207191398
2020-03-30,0.15884949013828337
2020-03-31,0.15836250108672578
2020-04-01,0.1458318981831865
2020-04-02,0.14959666861555349
2020-04-03,0.1463001273434714
2020-04-06,0.16602324301782512
2020-04-07,0.16317620055789112
2020-04-08,0.16939470568245454
2020-04-09,0.17119270093104674
2020-04-13,0.17611884157730476
2020-04-14,0.18904281133485337
2020-04-15,0.18658916527206446
2020-04-16,0.18870563552525452
2020-04-17,0.18506258281264112
2020-04-20,0.1795652847207532
2020-04-21,0.17154863663191824
2020-04-22,0.17878800481621063
2020-04-23,0.1777859016477544
2020-04-24,0.1852218498580759
2020-04-27,0.18540918288258004
2020-04-28,0.18111050889890581
2020-04-29,0.18967967271464145
2020-04-30,0.19536430383103345
2020-05-01,0.19093451741040143
2020-05-04,0.1947649326906549
2020-05-05,0.1988856388238934
2020-05-06,0.20176065863348921
2020-05-07,0.20467328685503797
2020-05-08,0.2114438054731924
2020-05-11,0.21602650716504876
2020-05-12,0.21264591567143784
2020-05-13,0.2091149791594226
2020-05-14,0.21088984213263448
2020-05-15,0.20917140654892
2020-05-18,0.21597947449275565
2020-05-19,0.21427046316938128
2020-05-20,0.21998933478023794
2020-05-21,0.21775433746596753
2020-05-22,0.2196699439384284
2020-05-26,0.2176416599457879
2020-05-27,0.21893754005726093
2020-05-28,0.21906897746871326
2020-05-29,0.21877780032165237
2020-06-01,0.22244959850546
2020-06-02,0.22384870233363666
2020-06-03,0.22552028250387327
2020-06-04,0.22289097295524588
2020-06-05,0.2315115122842464
2020-06-08,0.23335193147593716
2020-06-09,0.2432402258510696
2020-06-10,0.2515508872280082
2020-06-11,0.23564332663656914
2020-06-12,0.23836652427096752
2020-06-15,0.24230119727767982
2020-06-16,0.25083718415184175
2020-06-17,0.25037704981078324
2020-06-18,0.25050851676537145
2020-06-19,0.2486210058151158
2020-06-22,0.2572133019062317
2020-06-23,0.26440649416917095
2020-06-24,0.25833088919277447
2020-06-25,0.2628194959969088
2020-06-26,0.2522927153695158
2020-06-29,0.2599459828872419
2020-06-30,0.2627819171280916
2020-07-01,0.262134006615491
2020-07-02,0.262134006615491
2020-07-06,0.27128047284911583
2020-07-07,0.27019104017105
2020-07-08,0.2783421390711953
2020-07-09,0.2798819568554851
2020-07-10,0.2805112256493565
2020-07-13,0.2788491583688676
2020-07-14,0.28478399030287926
2020-07-15,0.28729122761412274
2020-07-16,0.2827743775721039
2020-07-17,0.282041855518393
2020-07-20,0.289666997970778
2020-07-21,0.28456797089345265
2020-07-22,0.28559158146481667
2020-07-23,0.268960893536871
2020-07-24,0.26809693407170787
2020-07-27,0.2763418915144883
2020-07-28,0.2704915824921793
2020-07-29,0.27720576235024386
2020-07-30,0.28152547104665226
2020-07-31,0.3193504932717687
2020-08-03,0.32940774484089874
2020-08-04,0.33214042582190906
2020-08-05,0.33363353590840017
2020-08-06,0.3480573515874166
2020-08-07,0.3383300377595989
2020-08-10,0.3444072085221962
2020-08-11,0.3317918168187315
2020-08-12,0.34547031826620844
2020-08-13,0.3529962844115031
2020-08-14,0.35261056922968215
2020-08-17,0.3514816373789682
2020-08-18,0.35507532351155535
2020-08-19,0.3556209852309359
2020-08-20,0.3652824178657801
2020-08-21,0.38821787687500775
2020-08-24,0.3938152375680619
2020-08-25,0.3899299606845118
2020-08-26,0.3963176002618881
2020-08-27,0.39062608559484013
2020-08-28,0.3898641385778102
2020-08-31,0.40579096129383163
2020-09-01,0.4251327046273362
2020-09-02,0.4146715393046939
2020-09-03,0.37508497806063956
2020-09-04,0.37538608170135024
2020-09-08,0.3447552857489282
2020-09-09,0.3616888203626004
2020-09-10,0.34727649696343454
2020-09-11,0.34166968246690443
2020-09-14,0.35431328786511784
2020-09-15,0.35499068242730925
2020-09-16,0.34215888725365173
2020-09-17,0.33542311136327163
2020-09-18,0.3222526632232221
2020-09-21,0.33444473133291286
2020-09-22,0.3409547385790317
2020-09-23,0.3233063191637585
2020-09-24,0.32744560792945454
2020-09-25,0.3427233088643049
2020-09-28,0.3528080946360589
2020-09-29,0.34953436066486265
2020-09-30,0.3560067004127567
2020-10-01,0.35969439280365845
2020-10-02,0.3455078971350255
2020-10-05,0.3586030989080332
2020-10-06,0.34603473987686173
2020-10-07,0.353259720553989
2020-10-08,0.3528457325911477
2020-10-09,0.3603717282795782
2020-10-12,0.3883307611971384
2020-10-13,0.3759128653569146
2020-10-14,0.37625157740957826
2020-10-15,0.37444528053980863
2020-10-16,0.368085854657181
2020-10-19,0.3566463683904517
2020-10-20,0.3624037051642015
2020-10-21,0.3599954669012333
2020-10-22,0.3557808726822238
2020-10-23,0.3531091391904978
2020-10-26,0.35314680668872256
2020-10-27,0.3589794193726499
2020-10-28,0.3386592369225149
2020-10-29,0.3541627951310342
2020-10-30,0.3298538757355586
2020-11-02,0.32951531139857415
2020-11-03,0.33579937274161653
2020-11-04,0.3527705157672417
2020-11-05,0.368123463069134
2020-11-06,0.36761470072644575
2020-11-09,0.35868091552789516
2020-11-10,0.35736157816654723
2020-11-11,0.37063019814706777
2020-11-12,0.36957468098897217
2020-11-13,0.3697631957389107
2020-11-16,0.37368345169532213
2020-11-17,0.37025322773346214
2020-11-18,0.36512672553978465
2020-11-19,0.3674260973470995
2020-11-20,0.36252580694472125
2020-11-23,0.34937039626082567
2020-11-24,0.3543459625733817
2020-11-25,0.3575877604147105
2020-11-27,0.3596987651877661
2020-11-30,0.36897161695661074
2020-12-01,0.38280563347126806
2020-12-02,0.38416254970143304
2020-12-03,0.3836349092949286
2020-12-04,0.38103393161359345
2020-12-07,0.3866881923863189
2020-12-08,0.38906295827635473
2020-12-09,0.37926225929905466
2020-12-10,0.3847657319063378
2020-12-11,0.38163708427536236
2020-12-14,0.37926225929905466
2020-12-15,0.40225612508788255
2020-12-16,0.4019921867120869
2020-12-17,0.40534704613436157
2020-12-18,0.39765732238698115
2020-12-21,0.4035754033629587
2020-12-22,0.4173339667086231
2020-12-23,0.41386616387794606
2020-12-24,0.4176732991671399
2020-12-28,0.4354652391364332
2020-12-29,0.42860461395389815
2020-12-30,0.42426980871506415
2020-12-31,0.4203873679725567
2021-01-04,0.4080233292690103
2021-01-05,0.4140545013690695
2021-01-06,0.3974311696819537
2021-01-07,0.41371537571250383
2021-01-08,0.4179748164117526
2021-01-11,0.40640244511991375
2021-01-12,0.4057241347205106
2021-01-13,0.4136022845884222
2021-01-14,0.4061386840029333
2021-01-15,0.399466780372288
2021-01-19,0.40206763988107974
2021-01-20,0.417899304156488
2021-01-21,0.4361437267946515
2021-01-22,0.44443648503125754
2021-01-25,0.45894913691981243
2021-01-26,0.4598537477399225
2021-01-27,0.4557071322765326
2021-01-28,0.43697306170458383
2021-01-29,0.4176356021257793
2021-02-01,0.42585302536593594
2021-02-02,0.4290572147953118
2021-02-03,0.4250992027112681
2021-02-04,0.43810391385912895
2021-02-05,0.43649942615043613
2021-02-08,0.43706564989237695
2021-02-09,0.4336681892681886
2021-02-10,0.4313275457000738
2021-02-11,0.4303460636404496
2021-02-12,0.4312519152722658
2021-02-16,0.4230222611738621
2021-02-17,0.4141507824488455
2021-02-18,0.4098850195185221
2021-02-19,0.41048891075868765
2021-02-22,0.3958792096688243
2021-02-23,0.39535071251138
2021-02-24,0.3934254158903562
2021-02-25,0.3769659599778695
2021-02-26,0.37798525725139775
2021-03-01,0.40263669976406324
2021-03-02,0.392557143127357
2021-03-03,0.3810053043149427
2021-03-04,0.3737192875191234
2021-03-05,0.3785892371209709
2021-03-08,0.35948711816244705
2021-03-09,0.37734340308164893
2021-03-10,0.37315309332031843
2021-03-11,0.38062780212489156
2021-03-12,0.37711692540212693
2021-03-15,0.38829126202449027
2021-03-16,0.39425590298258706
2021-03-17,0.39119807024827413
2021-03-18,0.3752292962793279
2021-03-19,0.373190790361679
2021-03-22,0.38602621934104764
2021-03-23,0.3828173620962054
2021-03-24,0.3735682334654584
2021-03-25,0.37545592167452924
2021-03-26,0.3777964175269646
2021-03-29,0.3784759982812099
2021-03-30,0.37285101475612425
2021-03-31,0.38134505037736144
2021-04-01,0.3845538485359319
2021-04-05,0.3955017074787731
2021-04-06,0.3966719997196947
2021-04-07,0.40305195808174676
2021-04-08,0.4123387246675826
2021-04-09,0.42230495383512046
2021-04-12,0.41566085029532174
2021-04-13,0.42770348922381995
2021-04-14,0.4186430821449626
2021-04-15,0.42796778211724595
2021-04-16,0.4266841919502917
2021-04-19,0.4292513131979284
2021-04-20,0.4227203303253473
2021-04-21,0.42419264204419127
2021-04-22,0.41830339516881543
2021-04-23,0.4272881718198648
2021-04-26,0.428798239666341
2021-04-27,0.4275524056270191
2021-04-28,0.4244945728927061
2021-04-29,0.4241170707026549
2021-04-30,0.41649145556009615
2021-05-03,0.42056840830912223
2021-05-04,0.40286317744358524
2021-05-05,0.40380702154812076
2021-05-06,0.40999814018573966
2021-05-07,0.4126074194882521
2021-05-10,0.39990144853023313
2021-05-11,0.3963467888801202
2021-05-12,0.384472841257397
2021-05-13,0.39279218831627927
2021-05-14,0.40217039090760953
2021-05-17,0.39770816612380055
2021-05-18,0.39233843529256685
2021-05-19,0.3917334214132385
2021-05-20,0.4016410074560892
2021-05-21,0.39453171769899953
2021-05-24,0.40084688796410495
2021-05-25,0.40009052459975314
2021-05-26,0.39990144853023313
2021-05-27,0.3939644008610318
2021-05-28,0.3914308701588707
2021-06-01,0.39018293855690256
2021-06-02,0.39313258432768694
2021-06-03,0.38738464227114155
2021-06-04,0.39627118799544814
2021-06-07,0.39630900320935214
2021-06-08,0.3994855107204248
2021-06-09,0.4009602745195454
2021-06-10,0.3971031522444721
2021-06-11,0.40179220922543357
2021-06-14,0.4136283711773888
2021-06-15,0.41045198183885945
2021-06-16,0.41238052820482807
2021-06-17,0.41858210511254235
2021-06-18,0.41355268166330894
2021-06-21,0.4205108582804621
2021-06-22,0.426863755130064
2021-06-23,0.4258048109682083
2021-06-24,0.42470816976499204
2021-06-25,0.4235737724341434
2021-06-28,0.42988897224238487
2021-06-29,0.43575027131123467
2021-06-30,0.43813262978718726
2021-07-01,0.43930490141821166
2021-07-02,0.449477253044662
2021-07-06,0.45726718710888814
2021-07-07,0.4669100666544107
2021-07-08,0.46188058411890565
2021-07-09,0.4689522063777707
2021-07-12,0.4666453010708109
2021-07-13,0.47095629454213983
2021-07-14,0.48422949370871904
2021-07-15,0.48169587437715045
2021-07-16,0.4737923764986689
2021-07-19,0.45889324130676057
2021-07-20,0.47288475227870086
2021-07-21,0.47004861123590014
2021-07-22,0.475342859355005
2021-07-23,0.48199827791583905
2021-07-26,0.4836245684587984
2021-07-27,0.47522941371329297
2021-07-28,0.4684604313382035
2021-07-29,0.47095629454213983
2021-07-30,0.47178817016175634
2021-08-02,0.47050245288901993
2021-08-03,0.4774604522473578
2021-08-04,0.47591002847729347
2021-08-05,0.4763261730890527
2021-08-06,0.47367497207675124
2021-08-09,0.4734856596621443
2021-08-10,0.4716300552986201
2021-08-11,0.47261466893064585
2021-08-12,0.4840897546760894
2021-08-13,0.48488505589350817
2021-08-16,0.4925351918388329
2021-08-17,0.4890131182675763
2021-08-18,0.47450820668061744
2021-08-19,0.47579581471404897
2021-08-20,0.48143884909514656
2021-08-23,0.48719532911795627
2021-08-24,0.48685440133010294
2021-08-25,0.48208253493931896
2021-08-26,0.4789770786699955
2021-08-27,0.48299169540235176
2021-08-30,0.5001095200975343
2021-08-31,0.4952240898924949
2021-09-01,0.4977995423044448
2021-09-02,0.5021167398343048
2021-09-03,0.5045785102594559
2021-09-07,0.5136299953112828
2021-09-08,0.5076461513148752
2021-09-09,0.5037074604416857
2021-09-10,0.4843928672500387
2021-09-13,0.4865892812288728
2021-09-14,0.48117366990764476
2021-09-15,0.4846199948785497
2021-09-16,0.4837111298468755
2021-09-17,0.47337209584788886
2021-09-20,0.46155614140086365
2021-09-21,0.4634116275918443
2021-09-22,0.4725769128030135
2021-09-23,0.4762881806163335
2021-09-24,0.4766289902316434
2021-09-27,0.47075882822203485
2021-09-28,0.45765520665530635
2021-09-29,0.4611394650126588
2021-09-30,0.4561025966931881
2021-10-01,0.46045772760949555
2021-10-04,0.4471647936281601
2021-10-05,0.4546254989863344
2021-10-06,0.4579960753568879
2021-10-07,0.4628815646481992
2021-10-08,0.4614044669413455
2021-10-11,0.4610636573260356
2021-10-12,0.4561402937345487
2021-10-13,0.45386801298281976
2021-10-14,0.46466153858391523
2021-10-15,0.4687516084852643
2021-10-18,0.47522781838395634
2021-10-19,0.4835973296875331
2021-10-20,0.48549092652377646
2021-10-21,0.48632427930018607
2021-10-22,0.4833322686725747
2021-10-25,0.48314301534423953
2021-10-26,0.485718349583646
2021-10-27,0.4839384938204734
2021-10-28,0.4980267290192275
2021-10-29,0.4875360796469944
2021-11-01,0.4843551111224065
2021-11-02,0.48836925516458884
2021-11-03,0.49393648185906336
2021-11-04,0.491929439381108
2021-11-05,0.49397731047282534
2021-11-08,0.49079149687395585
2021-11-09,0.492194795827425
2021-11-10,0.4812338788185325
2021-11-11,0.48104415280002344
2021-11-12,0.48908473082890713
2021-11-15,0.48912266421535455
2021-11-16,0.4929152938248399
2021-11-17,0.5023593480660078
2021-11-18,0.518971217016409
2021-11-19,0.5291358283412635
2021-11-22,0.5309183429866638
2021-11-23,0.5323976268855712
2021-11-24,0.5344077418496563
2021-11-26,0.5149510461745107
2021-11-29,0.5279601887927509
2021-11-30,0.5471512916764926
2021-12-01,0.5451411176261358
2021-12-02,0.5413105546302031
2021-12-03,0.53402834889891
2021-12-06,0.5472271584493875
2021-12-07,0.5694524004724805
2021-12-08,0.5842439395635775
2021-12-09,0.5822716988996681
2021-12-10,0.6008181705588899
2021-12-13,0.5867471294652078
2021-12-14,0.5813992900976483
2021-12-15,0.600249169762178
2021-12-16,0.5735484971735455
2021-12-17,0.5693006669266906
2021-12-20,0.5640288715908413
2021-12-21,0.5763171026077645
2021-12-22,0.5863679137732766
2021-12-23,0.5887952959882837
2021-12-27,0.6041556586172774
2021-12-28,0.6002112363757306
2021-12-29,0.6005527550263011
2021-12-30,0.5960772062882181
2021-12-31,0.5936876983733868
2022-01-03,0.6105274630738314
2022-01-04,0.6017662097887178
2022-01-05,0.5836371826392333
2022-01-06,0.5725624063847267
2022-01-07,0.5732072148680618
2022-01-10,0.5732829634684132
2022-01-11,0.5842439395635775
2022-01-12,0.5859506465223545
2022-01-13,0.5732829634684132
2022-01-14,0.5766204515268007
2022-01-18,0.5642184794368068
2022-01-19,0.5506783284945739
2022-01-20,0.5441549086647736
2022-01-21,0.5361902564950566
2022-01-24,0.5331940507421528
2022-01-25,0.5262154302749829
2022-01-26,0.5258742070557709
2022-01-27,0.5240914560652837
2022-01-28,0.5662285944008919
2022-01-31,0.5831061152289688
2022-02-01,0.5824613067456337
2022-02-02,0.5871264042434107
2022-02-03,0.5759757612160091
2022-02-04,0.57487457036987
2022-02-07,0.5721023606730757
2022-02-08,0.5841406567606021
2022-02-09,0.5896470245951998
2022-02-10,0.5738491281240823
2022-02-11,0.5606337153312502
2022-02-14,0.5615451801588802
2022-02-15,0.5763935602433767
2022-02-16,0.5754822726745618
2022-02-17,0.5615451801588802
2022-02-18,0.5555450283514766
2022-02-22,0.5442284119867995
2022-02-23,0.5280888196062963
2022-02-24,0.5382282010931241
2022-02-25,0.5462413040056556
2022-02-28,0.5472664508200846
2022-03-01,0.5399750276304025
2022-03-02,0.5527347080094197
2022-03-03,0.5514816654449473
2022-03-04,0.5398611683847884
2022-03-07,0.5251646400186252
2022-03-08,0.5181011716652582
2022-03-09,0.5390257475888683
2022-03-10,0.5222025270445068
2022-03-11,0.5078098202875536
2022-03-14,0.4922019452663038
2022-03-15,0.5091768993564553
2022-03-16,0.5262658899510361
2022-03-17,0.5301773420529604
2022-03-18,0.5429372587770644
2022-03-21,0.5482538415068814
2022-03-22,0.5613173434951085
2022-03-23,0.5665959928384781
2022-03-24,0.581254528731922
2022-03-25,0.583722975905778
2022-03-28,0.587064659089458
2022-03-29,0.5998245167272903
2022-03-30,0.5953054804932176
2022-03-31,0.5833051768784104
2022-04-01,0.5821659344732804
2022-04-04,0.5978497353536969
2022-04-05,0.5850140109429696
2022-04-06,0.5727479963642149
2022-04-07,0.5739251721557924
2022-04-08,0.5661403195109347
2022-04-11,0.549658972134774
2022-04-12,0.5569122846791934
2022-04-13,0.5673174362162404
2022-04-14,0.5479119683386804
2022-04-18,0.5470766066290321
2022-04-19,0.555924834906125
2022-04-20,0.5552791992149857
2022-04-21,0.5522031679089814
2022-04-22,0.5346206296866816
2022-04-25,0.538760036624921
2022-04-26,0.5156707760503931
2022-04-27,0.5147974218680257
2022-04-28,0.5416460464810576
2022-04-29,0.518898599988459
2022-05-02,0.5200760712113951
2022-05-03,0.5258481500099402
2022-05-04,0.550684118949203
2022-05-05,0.5155570349773224
2022-05-06,0.5183710777544981
2022-05-09,0.4985188585764252
2022-05-10,0.507836586368645
2022-05-11,0.47737353634165036
2022-05-12,0.46238919874591455
2022-05-13,0.47969338154211794
2022-05-16,0.4737223592666747
2022-05-17,0.48779405030934586
2022-05-18,0.455771713571528
2022-05-19,0.4425748538680174
2022-05-20,0.4434875004210821
2022-05-23,0.4644808527649802
2022-05-24,0.45402228723829374
2022-05-25,0.4546309349233332
2022-05-26,0.46702894823312147
2022-05-27,0.4893154036337215
2022-05-31,0.4862727560712419
2022-06-01,0.48577844032199036
2022-06-02,0.4952863077366213
2022-06-03,0.4731140070129939
2022-06-06,0.4760043892532383
2022-06-07,0.48577844032199036
2022-06-08,0.48292605055446525
2022-06-09,0.4626934930452984
2022-06-10,0.441738251346663
2022-06-13,0.42177175931907385
2022-06-14,0.4251184648358505
2022-06-15,0.43527291332196827
2022-06-16,0.41485012756098283
2022-06-17,0.4205547593803537
2022-06-21,0.43694623653722076
2022-06-22,0.4349686781088562
2022-06-23,0.44607370653448597
2022-06-24,0.4589663310248844
2022-06-27,0.4589663310248844
2022-06-28,0.4429171997263922
2022-06-29,0.44972470635064643
2022-06-30,0.44017890554956807
2022-07-01,0.4485837504436364
2022-07-05,0.4585861699526057
2022-07-06,0.46375816857551144
2022-07-07,0.4768030583881453
2022-07-08,0.47942713880172494
2022-07-11,0.47117438197107686
2022-07-12,0.47493965463675347
2022-07-13,0.4735323969030788
2022-07-14,0.4848656755963824
2022-07-15,0.4913308954485336
2022-07-18,0.4795414116512412
2022-07-19,0.49448757951544253
2022-07-20,0.502245843338024
2022-07-21,0.5110312038220014
2022-07-22,0.5062391890125592
2022-07-25,0.5019036156521927
2022-07-26,0.4967694913294627
2022-07-27,0.5165076149168345
2022-07-28,0.5186374386674344
2022-07-29,0.5382614666641053
2022-08-01,0.5344584378707964
2022-08-02,0.5287536583357462
2022-08-03,0.5520289224936643
2022-08-04,0.550811745296129
2022-08-05,0.5499360276628925
2022-08-08,0.5481077211569054
2022-08-09,0.5482983334694903
2022-08-10,0.5647506694862341
2022-08-11,0.5618943800247751
2022-08-12,0.5756428691611104
2022-08-15,0.5797938570086079
2022-08-16,0.5791845002883078
2022-08-17,0.5849733595880228
2022-08-18,0.5834499382441367
2022-08-19,0.5734338698063989
2022-08-22,0.5583905641114816
2022-08-23,0.5570958066391714
2022-08-24,0.5582382987892462
2022-08-25,0.5677591651836567
2022-08-26,0.5433474947616512
2022-08-29,0.5348165597637217
2022-08-30,0.5254097889600123
2022-08-31,0.5189735213810063
2022-09-01,0.5217918774560178
2022-09-02,0.5136037610066368
2022-09-06,0.5087289663305079
2022-09-07,0.5141749479954026
2022-09-08,0.5084623690724847
2022-09-09,0.5195448265423155
2022-09-12,0.5426238061055633
2022-09-13,0.5061010453092661
2022-09-14,0.5116994104689396
2022-09-15,0.5005027392358643
2022-09-16,0.49414257477484014
2022-09-19,0.5085384131041948
2022-09-20,0.5177549261129496
2022-09-21,0.5056440720837448
2022-09-22,0.5019118877302342
2022-09-23,0.4931144736468249
2022-09-26,0.49440923111913515
2022-09-27,0.49817958520418015
2022-09-28,0.49086742273312256
2022-09-29,0.46283754537576405
2022-09-30,0.4465375928537991
2022-10-03,0.46272333161251955
2022-10-04,0.4766240860710902
2022-10-05,0.47776646004862167
2022-10-06,0.4740722681678302
2022-10-07,0.45373548247534046
2022-10-10,0.4549922474749316
2022-10-11,0.44950815516477427
2022-10-12,0.4470708464561174
2022-10-13,0.4647798292999087
2022-10-14,0.4472231117783527
2022-10-17,0.46257112537655587
2022-10-18,0.46767428849290205
2022-10-19,0.46809315107316074
2022-10-20,0.4663033097300665
2022-10-21,0.48108001816696055
2022-10-24,0.4893822302070425
2022-10-25,0.5003886436451633
2022-10-26,0.48900130101323136
2022-10-27,0.4716730110181643
2022-10-28,0.5133371637486136
2022-10-31,0.504196872030384
2022-11-01,0.4939523760661574
2022-11-02,0.47254902408275934
2022-11-03,0.44912728505723476
2022-11-04,0.4480973522547961
2022-11-07,0.4501572769459453
2022-11-08,0.45236993964950367
2022-11-09,0.43470757587410336
2022-11-10,0.4804843694617007
2022-11-11,0.49128002216857836
2022-11-14,0.4858632291219158
2022-11-15,0.4925769658329424
2022-11-16,0.48780864461846196
2022-11-17,0.4951710895067575
2022-11-18,0.49734546430623805
2022-11-21,0.4848331781469336
2022-11-22,0.4931110466430648
2022-11-23,0.49650626198892767
2022-11-25,0.48521469820346197
2022-11-28,0.47037529923226773
2022-11-29,0.4587403851218079
2022-11-30,0.484909576696274
2022-12-01,0.4859776201439754
2022-12-02,0.4840701380338768
2022-12-05,0.4795688276813216
2022-12-06,0.46537813688739627
2022-12-07,0.45786307215923494
2022-12-08,0.4643862556439484
2022-12-09,0.4625170023516558
2022-12-12,0.47140535020724994
2022-12-13,0.47514379770556336
2022-12-14,0.4665225197981664
2022-12-15,0.4409256969379005
2022-12-16,0.4333343518329422
2022-12-19,0.4251708152725989
2022-12-20,0.4249038634969452
2022-12-21,0.43692017949138995
2022-12-22,0.42463679354874817
2022-12-23,0.42322528160350925
2022-12-27,0.41624441585801375
2022-12-28,0.40102361500283457
2022-12-29,0.4146421438845107
2022-12-30,0.41586286625834956
2023-01-03,0.3973233372360554
2023-01-04,0.4022443373766734
2023-01-05,0.39713254766465544
2023-01-06,0.41468028407290913
2023-01-09,0.41670209811879577
2023-01-10,0.4189146426498107
2023-01-11,0.429443284494763
2023-01-12,0.42913810390130336
2023-01-13,0.43428800425858394
2023-01-17,0.43878925552486736
2023-01-18,0.4360046967972826
2023-01-19,0.43623359701394526
2023-01-20,0.44615187767197817
2023-01-23,0.458511543991417
2023-01-24,0.463928455210623
2023-01-25,0.4613726194408857
2023-01-26,0.4693835361613633
2023-01-27,0.4768984827169812
2023-01-30,0.4657214281261186
2023-01-31,0.4706423100941931
2023-02-01,0.474991118779426
2023-02-02,0.4955525504770142
2023-02-03,0.509590798689889
2023-02-06,0.49902386894085893
2023-02-07,0.510162990145274
2023-02-08,0.4997487393223814
2023-02-09,0.49574334004841425
2023-02-10,0.4971569200131636
2023-02-13,0.5080072275213868
2023-02-14,0.5055238906070562
2023-02-15,0.5136616064666557
2023-02-16,0.5074725558485472
2023-02-17,0.5030406127789971
2023-02-21,0.487490819562853
2023-02-22,0.4891338906069823
2023-02-23,0.4910058618677743
2023-02-24,0.4807285139364684
2023-02-27,0.485351364749962
2023-02-28,0.4834029949398295
2023-03-01,0.4753797291885614
2023-03-02,0.4776721583589486
2023-03-03,0.49723331856250397
2023-03-06,0.5079308880583181
2023-03-07,0.4994110612794729
2023-03-08,0.5042631668272595
2023-03-09,0.4955521959593838
2023-03-10,0.4875673953710087
2023-03-13,0.49509386374961295
2023-03-14,0.5031933507914064
2023-03-15,0.5047216172095739
2023-03-16,0.5156485005259528
2023-03-17,0.512400882686859
2023-03-20,0.5215701857645056
2023-03-21,0.5287528902142137
2023-03-22,0.5232130795498197
2023-03-23,0.5274156497125332
2023-03-24,0.5324587811768067
2023-03-27,0.5249323127982024
2023-03-28,0.5225253153469405
2023-03-29,0.5344454979772886
2023-03-30,0.5405201575733375
2023-03-31,0.5502244277551823
2023-04-03,0.5550764742166973
2023-04-04,0.5530134179531465
2023-04-05,0.5458688832349728
2023-04-06,0.5493075269905535
2023-04-10,0.5392593156209974
2023-04-11,0.5345600662581634
2023-04-12,0.5318857625136175
2023-04-13,0.5527459344010474
2023-04-14,0.551408871158182
2023-04-17,0.5514852106212508
2023-04-18,0.5562226888018907
2023-04-19,0.5606545727851691
2023-04-20,0.5569103939184983
2023-04-21,0.5506828781374967
2023-04-24,0.551867203367953
2023-04-25,0.5459071120527789
2023-04-26,0.5458688832349728
2023-04-27,0.5636345298133485
2023-04-28,0.5684866353611351
2023-05-01,0.5681426941734238
2023-05-02,0.564131209013469
2023-05-03,0.5599668085822899
2023-05-04,0.5536247245204136
2023-05-05,0.5833487234606718
2023-05-08,0.5830811808223009
2023-05-09,0.5764716132083254
2023-05-10,0.5833103764703222
2023-05-11,0.5840363104047358
2023-05-12,0.5804400244761927
2023-05-15,0.578527165515367
2023-05-16,0.578527165515367
2023-05-17,0.5808991838937677
2023-05-18,0.589928038903524
2023-05-19,0.590348969503293
2023-05-22,0.5866761077665943
2023-05-23,0.5765757823053766
2023-05-24,0.5776470754980229
2023-05-25,0.5820468165494828
2023-05-26,0.591381856619318
2023-05-30,0.5985360814860546
2023-05-31,0.598344996483296
2023-06-01,0.6092101937319939
2023-06-02,0.6125004127730014
2023-06-05,0.6072589877808187
2023-06-06,0.6058435170553742
2023-06-07,0.6005256344275793
2023-06-08,0.6110466541434791
2023-06-09,0.6125387597633509
2023-06-12,0.6233658463667863
2023-06-13,0.6215294450415728
2023-06-14,0.6239779801418575
2023-06-15,0.6318592024958986
2023-06-16,0.6276890706963623
2023-06-20,0.6280333073154322
2023-06-21,0.6240162089596636
2023-06-22,0.6356468097722874
2023-06-23,0.6344224831358733
2023-06-26,0.629028201958738
2023-06-27,0.6397022551184056
2023-06-28,0.6442549705273615
2023-06-29,0.6455557547993876
2023-06-30,0.662312857805689
2023-07-03,0.6565359339328626
2023-07-05,0.6522127096032866
2023-07-06,0.6540491700147717
2023-07-07,0.6497258275126524
2023-07-10,0.6418063172545334
2023-07-11,0.6397787127540178
2023-07-12,0.6462444052963427
2023-07-13,0.6491902104594651
2023-07-14,0.649764174503002
2023-07-17,0.6623894336138447
2023-07-18,0.6613946571430823
2023-07-19,0.6666361412215368
2023-07-20,0.6590991554865655
2023-07-21,0.6545464400776094
2023-07-24,0.6576454559433149
2023-07-25,0.660973785629585
2023-07-26,0.6643406395650199
2023-07-27,0.6594434511919072
2023-07-28,0.6694289129408914
2023-07-31,0.6718009313192921
2023-08-01,0.6685872290001684
2023-08-02,0.6569949160916225
2023-08-03,0.651600634914487
2023-08-04,0.6164792823109639
2023-08-07,0.6044662751477359
2023-08-08,0.6081008489803568
2023-08-09,0.601941282411839
2023-08-10,0.601099421212301
2023-08-11,0.6013293258955831
2023-08-14,0.6077272464842395
2023-08-15,0.6000267690354051
2023-08-16,0.5966554836295909
2023-08-17,0.586809819999508
2023-08-18,0.5886871090247552
2023-08-21,0.5938589894751175
2023-08-22,0.5991839624555194
2023-08-23,0.6140865837374595
2023-08-24,0.5959276589344821
2023-08-25,0.6044708838769304
2023-08-28,0.6105238588112561
2023-08-29,0.6255796907957792
2023-08-30,0.6391030612368421
2023-08-31,0.6399458678167278
2023-09-01,0.6460372488276749
2023-09-05,0.6469565721294444
2023-09-06,0.6209440773475929
2023-09-07,0.6004481132390761
2023-09-08,0.6028233813624218
2023-09-11,0.607344012925831
2023-09-12,0.5956211784430444
2023-09-13,0.5876143977615875
2023-09-14,0.5934758150029809
2023-09-15,0.5906791435896924
2023-09-18,0.602018862686614
2023-09-19,0.6062330137585855
2023-09-20,0.5925180856245901
2023-09-21,0.5865416274121481
2023-09-22,0.589836277923535
2023-09-25,0.5947783127768871
2023-09-26,0.5789945970109837
2023-09-27,0.5731331797695903
2023-09-28,0.5741292561383307
2023-09-29,0.5761213497895395
2023-10-02,0.585852149707389
2023-10-03,0.5806802101707549
2023-10-04,0.5855073813118735
2023-10-05,0.5902961463763708
2023-10-06,0.6001800388242597
2023-10-09,0.6059265332671478
2023-10-10,0.603628018210773
2023-10-11,0.6090297442581457
2023-10-12,0.6125158933761934
2023-10-13,0.6053902662649716
2023-10-16,0.6048921689943297
2023-10-17,0.5988774819640817
2023-10-18,0.5938589894751175
2023-10-19,0.5924031628260849
2023-10-20,0.5825191522056525
2023-10-23,0.5829788433996731
2023-10-24,0.5846645156457161
2023-10-25,0.575699887413325
2023-10-26,0.559571403251906
2023-10-27,0.5646666488078411
2023-10-30,0.5725967945948707
2023-10-31,0.5744357366297683
2023-11-01,0.5866948972010029
2023-11-02,0.6004866374882408
2023-11-03,0.5969619050347568
2023-11-06,0.6068459156551891
2023-11-07,0.6167683323522427
2023-11-08,0.6208675015394376
2023-11-09,0.6190285595045398
2023-11-10,0.635254949618207
2023-11-13,0.6291173631427711
2023-11-14,0.6392446319438954
2023-11-15,0.6414310603428078
2023-11-16,0.6479523530668261
2023-11-17,0.6478757181723988
2023-11-20,0.6546271519247859
2023-11-21,0.6515199230673108
2023-11-22,0.6540900577148057
2023-11-24,0.6489499065923595
2023-11-27,0.6482593062484375
2023-11-28,0.6505992998675634
2023-11-29,0.646648082704768
2023-11-30,0.6488729762665736
2023-12-01,0.6538215696960872
2023-12-04,0.6468782828194087
2023-12-05,0.6621842269921437
2023-12-06,0.6579645808969017
2023-12-07,0.665444843811017
2023-12-08,0.6709688193545887
2023-12-11,0.6612634856198528
2023-12-12,0.6671327022491138
2023-12-13,0.6795998464968204
2023-12-14,0.6801752286108786
2023-12-15,0.6781039002692865
2023-12-18,0.6716591833534238
2023-12-19,0.6756869763243747
2023-12-20,0.6675929843058517
2023-12-21,0.6670175431055217
2023-12-22,0.6628746500772505
2023-12-26,0.6607647974864936
2023-12-27,0.6611483264762608
2023-12-28,0.6627979560965513
2023-12-29,0.658770104039329
2024-01-02,0.6323397511438382
2024-01-03,0.627007569638286
2024-01-04,0.6180312423240932
2024-01-05,0.6152308484756861
2024-01-08,0.6320327979622268
2024-01-09,0.630421633504829
2024-01-10,0.6344494855620516
2024-01-11,0.6321478980195471
2024-01-12,0.6334138213912556
2024-01-16,0.6246292290288106
2024-01-17,0.6209850241338984
2024-01-18,0.6438094600385548
2024-01-19,0.6550490869911744
2024-01-22,0.6639870673150174
2024-01-23,0.6689355425719875
2024-01-24,0.6663270609341433
2024-01-25,0.665061078476163
2024-01-26,0.6583481689729406
2024-01-29,0.6557011630859315
2024-01-30,0.6415461604001281
2024-01-31,0.627582951752344
2024-02-01,0.6370196202095465
2024-02-02,0.6331452742862654
2024-02-05,0.6401651369710993
2024-02-06,0.6463796537723213
2024-02-07,0.6468015888387098
2024-02-08,0.6426203488200889
2024-02-09,0.6455779121512846
2024-02-12,0.6390481700904096
2024-02-13,0.6309438379743347
2024-02-14,0.6275253426374122
2024-02-15,0.6264115664153956
2024-02-16,0.6204579745901113
2024-02-20,0.6175773415847017
2024-02-21,0.6204964397530044
2024-02-22,0.6283703944956234
2024-02-23,0.621264679457973
2024-02-26,0.6160409803473078
2024-02-27,0.6216871463008068
2024-02-28,0.6170395383394606
2024-02-29,0.614466153947021
2024-03-01,0.6102795370776732
2024-03-04,0.5927648889815854
2024-03-05,0.573636890236046
2024-03-06,0.569795868970018
2024-03-07,0.5693350551368346
2024-03-08,0.5759798972550298
2024-03-11,0.5837385155952417
2024-03-12,0.585582243618149
2024-03-13,0.5775163175786955
2024-03-14,0.5846988447695883
2024-03-15,0.583239295685437
2024-03-18,0.5874643777176777
2024-03-19,0.5965289208355559
2024-03-20,0.6064769809745382
2024-03-21,0.5784380634176057
2024-03-22,0.5819333709077708
2024-03-25,0.5764407110882133
2024-03-26,0.5720622410945744
2024-03-27,0.5858894922311192
2024-03-28,0.5788605893467113
2024-04-01,0.573291176460183
2024-04-02,0.5687203806520792
2024-04-03,0.5718316273760317
2024-04-04,0.5686436866713802
2024-04-05,0.5715627257534112
2024-04-08,0.56722254366385
2024-04-09,0.5719084986155459
2024-04-10,0.5646491001851387
2024-04-11,0.5925342752630427
2024-04-12,0.598334242781842
2024-04-15,0.5835082563943292
2024-04-16,0.5707947223935294
2024-04-17,0.56549415204335
2024-04-18,0.5618067550838068
2024-04-19,0.5539712655040808
2024-04-22,0.5571976122853536
2024-04-23,0.5612690109248375
2024-04-24,0.5694118672900771
2024-04-25,0.5727534913874853
2024-04-26,0.5704874146942875
2024-04-29,0.5866193258594665
2024-04-30,0.574443536017636
2024-05-01,0.5704874146942875
2024-05-02,0.5848140629994522
2024-05-03,0.6245678974787601
2024-05-06,0.6181533736477488
2024-05-07,0.6208036292797028
2024-05-08,0.6221096131436408
2024-05-09,0.6291386342005919
2024-05-10,0.624253972117085
2024-05-13,0.636676978919813
2024-05-14,0.6411000590486042
2024-05-15,0.6499078132295655
2024-05-16,0.6503693360980095
2024-05-17,0.6504847315866885
2024-05-20,0.6549847420412658
2024-05-21,0.6600232647763449
2024-05-22,0.6544462888470357
2024-05-23,0.6389847705208488
2024-05-24,0.6509077892922396
2024-05-28,0.6509462544551327
2024-05-29,0.6521001502556505
2024-05-30,0.6559462529410468
2024-05-31,0.6596385540611431
2024-06-03,0.6664847621933773
2024-06-04,0.6677155292334094
2024-06-05,0.6735616431304259
2024-06-06,0.6682155763510181
2024-06-07,0.6774847943141518
2024-06-10,0.6629847278014742
2024-06-11,0.716946329007236
2024-06-12,0.7397155192478294
2024-06-13,0.7442155297024067
2024-06-14,0.7374847761451232
2024-06-17,0.7535616779913262
2024-06-18,0.7444077964305998
2024-06-20,0.7266770698388135
2024-06-21,0.7182540854593258
2024-06-24,0.7207540847022829
2024-06-25,0.7243309903337002
2024-06-26,0.7404078330936315
2024-06-27,0.7436770765081766
2024-06-28,0.7302924406331238
2024-07-01,0.75386939929447
2024-07-02,0.7674078367348228
2024-07-03,0.7723309639812229
2024-07-05,0.7907540044188113
2024-07-08,0.7964464349230709
2024-07-09,0.7997540253279657
2024-07-10,0.8162924500426126
2024-07-11,0.7954847467644746
2024-07-12,0.8069078956770719
2024-07-15,0.8217540895695146
2024-07-16,0.8233694491522048
2024-07-17,0.8005232694995534
2024-07-18,0.7824462973554588
2024-07-19,0.7829463444730674
2024-07-22,0.7816002410306283
2024-07-23,0.7856386104442179
2024-07-24,0.7607539544170538
2024-07-25,0.7567155850034639
2024-07-26,0.7585232113143475
2024-07-29,0.7596001767890794
2024-07-30,0.7617540486522713
2024-07-31,0.7743694403557361
2024-08-01,0.7600616996575235
2024-08-02,0.7658310014012975
2024-08-05,0.7251002345052882
2024-08-06,0.7172539321378364
2024-08-07,0.7272155230330436
2024-08-08,0.7406385649847176
2024-08-09,0.7519078532457429
2024-08-12,0.7578378105623373
2024-08-13,0.7722390848286906
2024-08-14,0.7739718488332985
2024-08-15,0.7855236876457128
2024-08-16,0.7906450493337502
2024-08-19,0.7900288386059301
2024-08-20,0.7924162785012511
2024-08-21,0.7919926890192546
2024-08-22,0.7847920814292136
2024-08-23,0.7936869878609693
2024-08-26,0.7949962214698522
2024-08-27,0.7982691873195159
2024-08-28,0.7923392890891934
2024-08-29,0.8050462054275601
2024-08-30,0.8020043259866129
2024-09-03,0.7780150633211695
2024-09-04,0.7706218935715768
2024-09-05,0.7765133266390064
2024-09-06,0.7705063799103544
2024-09-09,0.77085286180775
2024-09-10,0.7677723399450944
2024-09-11,0.7775914738391727
2024-09-12,0.7780150633211695
2024-09-13,0.7769753221976243
2024-09-16,0.7531786216917328
2024-09-17,0.7549883751083986
2024-09-18,0.7700058010163001
2024-09-19,0.8015036880062868
2024-09-20,0.7989236859514138
2024-09-23,0.7922622405908639
2024-09-24,0.7957277686000795
2024-09-25,0.791877175358032
2024-09-26,0.7963053959924633
2024-09-27,0.797345018943465
2024-09-30,0.8174066989548029
2024-10-01,0.7912610828027553
2024-10-02,0.7934559014522529
2024-10-03,0.7891817187282085
2024-10-04,0.7935329499505821
2024-10-07,0.7738563942583477
2024-10-08,0.7895669021335839
2024-10-09,0.804083571888616
2024-10-10,0.8021583048107283
2024-10-11,0.7964209096536857
2024-10-14,0.8108607081692037
2024-10-15,0.8206797829770103
2024-10-16,0.8127089858350339
2024-10-17,0.8141336740188675
2024-10-18,0.8251079445251699
2024-10-21,0.8308067563467759
2024-10-22,0.8284194346239985
2024-10-23,0.808781344094657
2024-10-24,0.8080497969644296
2024-10-25,0.8112842976512004
2024-10-28,0.8189468417135872
2024-10-29,0.8199866419234042
2024-10-30,0.8062399844614924
2024-10-31,0.7901059461905312
2024-11-01,0.7785541073781167
2024-11-04,0.7750885202826294
2024-11-05,0.7806333532801202
2024-11-06,0.7778223829890741
2024-11-07,0.7961512989958045
2024-11-08,0.7951104943193683
2024-11-11,0.7845866975486975
2024-11-12,0.7845866975486975
2024-11-13,0.7880176600889541
2024-11-14,0.7999676222002515
2024-11-15,0.7875550145813471
2024-11-18,0.7991966645267835
2024-11-19,0.800198944954055
2024-11-20,0.8029744043957942
2024-11-21,0.8011241177967251
2024-11-22,0.8063280820926343
2024-11-25,0.8178926835397413
2024-11-26,0.8263348118712681
2024-11-27,0.8258335830282247
2024-11-29,0.8350853114549277
2024-12-02,0.8437971686168793
2024-12-03,0.855593033731518
2024-12-04,0.8569807339092516
2024-12-05,0.857096483915561
2024-12-06,0.8563254671558213
2024-12-09,0.8713978432964272
2024-12-10,0.875329857420912
2024-12-11,0.8703956810416992
2024-12-12,0.8760622317589435
2024-12-13,0.8767175575986457
2024-12-16,0.8879351453719116
2024-12-17,0.8973409707952734
2024-12-18,0.8764092454327846
2024-12-19,0.8831166008264648
2024-12-20,0.9012344015843216
2024-12-23,0.9042411246935925
2024-12-24,0.9155358200514596
2024-12-26,0.9186968174162045
2024-12-27,0.9054746687883958
2024-12-30,0.8924067944160607
2024-12-31,0.8855451647669065
2025-01-02,0.8602188388585977
2025-01-03,0.8583299689240924
2025-01-06,0.8646519045673104
2025-01-07,0.8538969032153796
2025-01-08,0.8557857731498849
2025-01-10,0.8332349066833153
2025-01-13,0.8237904979245172
2025-01-14,0.819473123135842
2025-01-15,0.8371669208078001
2025-01-16,0.8001218373694539
2025-01-17,0.8067521442648047
2025-01-21,0.7784576194963899
2025-01-22,0.783044900374305
2025-01-23,0.7823895745346028
2025-01-24,0.7789973135023261
2025-01-27,0.8062896169297413
2025-01-28,0.8386702528192996
2025-01-29,0.8429105791096454
2025-01-30,0.8360874737096557
2025-01-31,0.8299582774848047
2025-02-03,0.7991580811913471
2025-02-04,0.8176228365367731
2025-02-05,0.8163507091065336
2025-02-06,0.8192419185545821
2025-02-07,0.7976933325152841
2025-02-10,0.7987352007446111
2025-02-11,0.8179148408916381
2025-02-12,0.8343159491107963
2025-02-13,0.852299269514207
2025-02-14,0.8641467169440615
2025-02-18,0.8636450154108445
2025-02-19,0.8651885851733888
2025-02-20,0.8688932944105473
2025-02-21,0.867812783759512
2025-02-24,0.8737943824775939
2025-02-25,0.8735628233787036
2025-02-26,0.8477841920603398
2025-02-27,0.8359753870521934
2025-02-28,0.8534955892578233
2025-03-03,0.8387925023154987
2025-03-04,0.8306884065445107
2025-03-05,0.829955204998675
2025-03-06,0.8283729928144226
2025-03-07,0.8428059964086921
2025-03-10,0.7980791658696483
2025-03-11,0.7724548678930303
2025-03-12,0.7575588642735234
2025-03-13,0.7293875343816553
2025-03-14,0.74409062132398
2025-03-17,0.7460588441214119
2025-03-18,0.7410034227126197
2025-03-19,0.7508440640096059
2025-03-20,0.7464446774757764
2025-03-21,0.7625370599251713
2025-03-24,0.7720304512032297
2025-03-25,0.7836848637833586
2025-03-26,0.77511764981459
2025-03-27,0.7840707562239947
2025-03-28,0.7611091219963928
2025-03-31,0.7774331226309498
2025-04-01,0.7815237243087444
2025-04-02,0.7842250895657404
2025-04-03,0.7043421046091273
2025-04-04,0.6471891356949541
2025-04-07,0.620484267981029
2025-04-08,0.5855981969115148
2025-04-09,0.6875936872847697
2025-04-10,0.6550615541945083
2025-04-11,0.6848923220277735
2025-04-14,0.7017564893584406
2025-04-15,0.7002900862667691
2025-04-16,0.669919092651122
2025-04-17,0.6803771854876347
2025-04-21,0.665635456123602
2025-04-22,0.6910283131738729
2025-04-23,0.7097834184585557
2025-04-24,0.7243321129728628
2025-04-25,0.7278438464465675
2025-04-28,0.7311627814156334
2025-04-29,0.7352919664288644
2025-04-30,0.7402701620805121
2025-05-01,0.7434346455352888
2025-05-02,0.7126777594790057
2025-05-05,0.687748079712787
2025-05-06,0.6862816175348437
2025-05-07,0.6775600702243295
2025-05-08,0.6823453491987951
2025-05-09,0.6863587842057167
2025-05-12,0.7347377962863555
2025-05-13,0.7430070972730866
2025-05-14,0.7406886701431404
2025-05-15,0.737288196119094
2025-05-16,0.7365539901066389
2025-05-19,0.7269709058681022
2025-05-20,0.7195517972452222
2025-05-21,0.7011198347806036
2025-05-22,0.6982989970821796
2025-05-23,0.6747663531246272
2025-05-27,0.6938552367582846
2025-05-28,0.6946667276141559
2025-05-29,0.6928505337938724
2025-05-30,0.6963282926613351
2025-06-02,0.6996127803339853
2025-06-03,0.7056795223696231
2025-06-04,0.7039406133927558
2025-06-05,0.6954781593837558
2025-06-06,0.70819116160811
2025-06-09,0.6986467197912813
2025-06-10,0.7033610361534052
2025-06-11,0.6883294886265612
2025-06-12,0.689952411252032
2025-06-13,0.6793260407136468
2025-06-16,0.6869384205313391
2025-06-17,0.6761960636415574
2025-06-18,0.6798283921958528
2025-06-20,0.6969079289869575
2025-06-23,0.6988399318998222
2025-06-24,0.6942030185536581
2025-06-25,0.6990717864300711
2025-06-26,0.6969079289869575
2025-06-27,0.6972170683606228
2025-06-30,0.7130213461490866
2025-07-01,0.7232613515566622
2025-07-02,0.7411136776956584
2025-07-03,0.745402868332721
2025-07-07,0.7314919510354134
2025-07-08,0.7317238055656624
2025-07-09,0.736090281046141
2025-07-10,0.7409978095168057
2025-07-11,0.7361675658895575
2025-07-14,0.7263526271207715
2025-07-15,0.7282461057844716
2025-07-16,0.7323034418912848
2025-07-17,0.7317624479873706
2025-07-18,0.7362448507329739
2025-07-21,0.7412682473824911
2025-07-22,0.7486873560053711
2025-07-23,0.7477213545489387
2025-07-24,0.7462143591885922
2025-07-25,0.7466780682490902
2025-07-28,0.7473349894181288
2025-07-29,0.7365926325283472
2025-07-30,0.7280142512542225
2025-07-31,0.7222953501002299
2025-08-01,0.7022404059238685
2025-08-04,0.7059886617432883
2025-08-05,0.7043270376098373
2025-08-06,0.744243595681476
2025-08-07,0.7704425076506196
2025-08-08,0.8064562993022776
2025-08-11,0.799067383764249
2025-08-12,0.8086226383688034
2025-08-13,0.8228588846782289
2025-08-14,0.820731188033411
2025-08-15,0.8161275993445
2025-08-18,0.8134196755113424
2025-08-19,0.8121430575244517
2025-08-20,0.7945411980912979
2025-08-21,0.790247162379954
2025-08-22,0.8013111258467349
2025-08-25,0.7989900398345612
2025-08-26,0.8073073779602047
2025-08-27,0.811872265141136
2025-08-28,0.819880109375484
2025-08-29,0.8182552959893177
2025-09-02,0.808893489838391
2025-09-03,0.8427431286155768
2025-09-04,0.8478108399688878
2025-09-05,0.847462703655884
2025-09-08,0.8404606850251111
2025-09-09,0.8268047840765689
2025-09-10,0.7975586749020226
2025-09-11,0.810092704809322
2025-09-12,0.8257216145433058
2025-09-15,0.8358957978441798
2025-09-16,0.8415051530503942
2025-09-17,0.8447547798227267
2025-09-18,0.8404606850251111
2025-09-19,0.8699388259887214
2025-09-22,0.9108678273263682
2025-09-23,0.9044847964781865
2025-09-24,0.8962835037902108
2025-09-25,0.9139239465588012
2025-09-26,0.9084693973845064
2025-09-29,0.9044847964781865
2025-09-30,0.9052585312064255
2025-10-01,0.9084306958765265
2025-10-02,0.9149298312486478
2025-10-03,0.9183727883020645
2025-10-06,0.9132276739327936
2025-10-07,0.912415355869118
2025-10-08,0.918527594333984
2025-10-09,0.9029760285296881
2025-10-10,0.8690491049090862
2025-10-13,0.8782948656223448
2025-10-14,0.8787204049513085
2025-10-15,0.8847940009944663
2025-10-16,0.8774824884723975
2025-10-17,0.896206100774251
2025-10-20,0.9346979706620561
2025-10-21,0.9367482642909141
2025-10-22,0.9200363031962107
2025-10-23,0.9244076237509707
2025-10-24,0.9369418309170853
2025-10-27,0.9601141667896586
2025-10-28,0.9608492000099177
2025-10-29,0.9635572420156185
2025-10-30,0.9701336622311564
2025-10-31,0.9661491204111082
2025-11-03,0.9610426484635454
2025-11-04,0.9648725024242174
2025-11-05,0.9652593993314728
2025-11-06,0.9638279753126625
2025-11-07,0.9587989063810597
2025-11-10,0.9635230901505615
2025-11-11,0.9860597759119171
2025-11-12,0.979167125970107
2025-11-13,0.9771535840022619
2025-11-14,0.9750625208459137
2025-11-17,0.9558946979532316
2025-11-18,0.955817294937272
2025-11-19,0.960154227281888
2025-11-20,0.9512092747779813
2025-11-21,0.9714999731785255
2025-11-24,0.9886542541033626
2025-11-25,0.9927200986333043
2025-11-26,0.9949659678215722
2025-11-28,1.0
